Match Number,Stage,Host Team,Away Team,Venue,City,Country,Date,Time,Lounge Type,Original Price,Original Currency,Price (USD),Portal
2,"GROUP STAGE MATCHES","Korea Republic","European Play-Off D","Guadalajara Stadium","Zapopan","Mexico","June 11","Thursday, 8pm CT","Pitchside Lounge",103000,MXN,5950,Mexico
2,"GROUP STAGE MATCHES","Korea Republic","European Play-Off D","Guadalajara Stadium","Zapopan","Mexico","June 11","Thursday, 8pm CT","VIP ",78650,MXN,4544,Mexico
2,"GROUP STAGE MATCHES","Korea Republic","European Play-Off D","Guadalajara Stadium","Zapopan","Mexico","June 11","Thursday, 8pm CT","Trophy Lounge",67000,MXN,3871,Mexico
2,"GROUP STAGE MATCHES","Korea Republic","European Play-Off D","Guadalajara Stadium","Zapopan","Mexico","June 11","Thursday, 8pm CT","Champions Club",51300,MXN,2964,Mexico
2,"GROUP STAGE MATCHES","Korea Republic","European Play-Off D","Guadalajara Stadium","Zapopan","Mexico","June 11","Thursday, 8pm CT","FIFA Pavilion",34200,MXN,1976,Mexico
3,"GROUP STAGE MATCHES","Canada","European Play-Off A","Toronto Stadium","Toronto","Canada","June 12","Friday, 3pm ET","Pitchside Lounge",11000,CAD,8029,Canada
3,"GROUP STAGE MATCHES","Canada","European Play-Off A","Toronto Stadium","Toronto","Canada","June 12","Friday, 3pm ET","VIP ",7975,CAD,5821,Canada
3,"GROUP STAGE MATCHES","Canada","European Play-Off A","Toronto Stadium","Toronto","Canada","June 12","Friday, 3pm ET","Lounge 1930 ",7975,CAD,5821,Canada
3,"GROUP STAGE MATCHES","Canada","European Play-Off A","Toronto Stadium","Toronto","Canada","June 12","Friday, 3pm ET","Trophy Lounge",6975,CAD,5091,Canada
3,"GROUP STAGE MATCHES","Canada","European Play-Off A","Toronto Stadium","Toronto","Canada","June 12","Friday, 3pm ET","Champions Club",6375,CAD,4653,Canada
3,"GROUP STAGE MATCHES","Canada","European Play-Off A","Toronto Stadium","Toronto","Canada","June 12","Friday, 3pm ET","FIFA Pavilion",4650,CAD,3394,Canada
4,"GROUP STAGE MATCHES","USA","Paraguay","Los Angeles Stadium","Inglewood","United States","June 12","Friday, 6pm PT","Pitchside Lounge",5600,USD,5600,United States
4,"GROUP STAGE MATCHES","USA","Paraguay","Los Angeles Stadium","Inglewood","United States","June 12","Friday, 6pm PT","VIP ",4950,USD,4950,United States
4,"GROUP STAGE MATCHES","USA","Paraguay","Los Angeles Stadium","Inglewood","United States","June 12","Friday, 6pm PT","Trophy Lounge",4350,USD,4350,United States
4,"GROUP STAGE MATCHES","USA","Paraguay","Los Angeles Stadium","Inglewood","United States","June 12","Friday, 6pm PT","Champions Club",3650,USD,3650,United States
4,"GROUP STAGE MATCHES","USA","Paraguay","Los Angeles Stadium","Inglewood","United States","June 12","Friday, 6pm PT","FIFA Pavilion",3000,USD,3000,United States
5,"GROUP STAGE MATCHES","Haiti","Scotland","Boston Stadium","Foxborough","United States","June 13","Saturday, 9pm ET","Pitchside Lounge",3900,USD,3900,United States
5,"GROUP STAGE MATCHES","Haiti","Scotland","Boston Stadium","Foxborough","United States","June 13","Saturday, 9pm ET","VIP ",3000,USD,3000,United States
5,"GROUP STAGE MATCHES","Haiti","Scotland","Boston Stadium","Foxborough","United States","June 13","Saturday, 9pm ET","Trophy Lounge",2400,USD,2400,United States
5,"GROUP STAGE MATCHES","Haiti","Scotland","Boston Stadium","Foxborough","United States","June 13","Saturday, 9pm ET","Champions Club",2200,USD,2200,United States
6,"GROUP STAGE MATCHES","Australia","European Play-Off C","BC Place Vancouver","Vancouver","Canada","June 13","Saturday, 9pm PT","Pitchside Lounge",6350,CAD,4635,Canada
6,"GROUP STAGE MATCHES","Australia","European Play-Off C","BC Place Vancouver","Vancouver","Canada","June 13","Saturday, 9pm PT","VIP ",4850,CAD,3540,Canada
6,"GROUP STAGE MATCHES","Australia","European Play-Off C","BC Place Vancouver","Vancouver","Canada","June 13","Saturday, 9pm PT","Lounge 1930 ",4850,CAD,3540,Canada
6,"GROUP STAGE MATCHES","Australia","European Play-Off C","BC Place Vancouver","Vancouver","Canada","June 13","Saturday, 9pm PT","Trophy Lounge",4250,CAD,3102,Canada
6,"GROUP STAGE MATCHES","Australia","European Play-Off C","BC Place Vancouver","Vancouver","Canada","June 13","Saturday, 9pm PT","Champions Club",3575,CAD,2609,Canada
6,"GROUP STAGE MATCHES","Australia","European Play-Off C","BC Place Vancouver","Vancouver","Canada","June 13","Saturday, 9pm PT","FIFA Pavilion",2950,CAD,2153,Canada
7,"GROUP STAGE MATCHES","Brazil","Morocco","New York New Jersey Stadium","East Rutherford","United States","June 13","Saturday, 6pm ET","Pitchside Lounge",6600,USD,6600,United States
7,"GROUP STAGE MATCHES","Brazil","Morocco","New York New Jersey Stadium","East Rutherford","United States","June 13","Saturday, 6pm ET","VIP ",4500,USD,4500,United States
7,"GROUP STAGE MATCHES","Brazil","Morocco","New York New Jersey Stadium","East Rutherford","United States","June 13","Saturday, 6pm ET","Trophy Lounge",3700,USD,3700,United States
7,"GROUP STAGE MATCHES","Brazil","Morocco","New York New Jersey Stadium","East Rutherford","United States","June 13","Saturday, 6pm ET","Champions Club",3400,USD,3400,United States
7,"GROUP STAGE MATCHES","Brazil","Morocco","New York New Jersey Stadium","East Rutherford","United States","June 13","Saturday, 6pm ET","FIFA Pavilion",2900,USD,2900,United States
8,"GROUP STAGE MATCHES","Qatar","Switzerland","San Francisco Bay Area Stadium","Santa Clara","United States","June 13","Saturday, 12pm PT","Pitchside Lounge",3400,USD,3400,United States
8,"GROUP STAGE MATCHES","Qatar","Switzerland","San Francisco Bay Area Stadium","Santa Clara","United States","June 13","Saturday, 12pm PT","VIP ",2900,USD,2900,United States
8,"GROUP STAGE MATCHES","Qatar","Switzerland","San Francisco Bay Area Stadium","Santa Clara","United States","June 13","Saturday, 12pm PT","Trophy Lounge",2375,USD,2375,United States
8,"GROUP STAGE MATCHES","Qatar","Switzerland","San Francisco Bay Area Stadium","Santa Clara","United States","June 13","Saturday, 12pm PT","Champions Club",2100,USD,2100,United States
9,"GROUP STAGE MATCHES","Côte d'Ivoire","Ecuador","Philadelphia Stadium","Philadelphia","United States","June 14","Sunday, 7pm ET","Pitchside Lounge",3300,USD,3300,United States
9,"GROUP STAGE MATCHES","Côte d'Ivoire","Ecuador","Philadelphia Stadium","Philadelphia","United States","June 14","Sunday, 7pm ET","VIP ",2800,USD,2800,United States
9,"GROUP STAGE MATCHES","Côte d'Ivoire","Ecuador","Philadelphia Stadium","Philadelphia","United States","June 14","Sunday, 7pm ET","Trophy Lounge",2375,USD,2375,United States
9,"GROUP STAGE MATCHES","Côte d'Ivoire","Ecuador","Philadelphia Stadium","Philadelphia","United States","June 14","Sunday, 7pm ET","Champions Club",2000,USD,2000,United States
10,"GROUP STAGE MATCHES","Germany","Curaçao","Houston Stadium","Houston","United States","June 14","Sunday, 12pm CT","Pitchside Lounge",3300,USD,3300,United States
10,"GROUP STAGE MATCHES","Germany","Curaçao","Houston Stadium","Houston","United States","June 14","Sunday, 12pm CT","VIP ",2800,USD,2800,United States
10,"GROUP STAGE MATCHES","Germany","Curaçao","Houston Stadium","Houston","United States","June 14","Sunday, 12pm CT","Trophy Lounge",2480,USD,2480,United States
11,"GROUP STAGE MATCHES","Netherlands","Japan","Dallas Stadium","Arlington","United States","June 14","Sunday, 3pm CT","Pitchside Lounge",3500,USD,3500,United States
11,"GROUP STAGE MATCHES","Netherlands","Japan","Dallas Stadium","Arlington","United States","June 14","Sunday, 3pm CT","VIP ",3000,USD,3000,United States
11,"GROUP STAGE MATCHES","Netherlands","Japan","Dallas Stadium","Arlington","United States","June 14","Sunday, 3pm CT","Trophy Lounge",2475,USD,2475,United States
12,"GROUP STAGE MATCHES","European Play-Off B","Tunisia","Monterrey Stadium","Guadalupe","Mexico","June 14","Sunday, 8pm CT","Pitchside Lounge",87500,MXN,5055,Mexico
12,"GROUP STAGE MATCHES","European Play-Off B","Tunisia","Monterrey Stadium","Guadalupe","Mexico","June 14","Sunday, 8pm CT","VIP ",82950,MXN,4792,Mexico
12,"GROUP STAGE MATCHES","European Play-Off B","Tunisia","Monterrey Stadium","Guadalupe","Mexico","June 14","Sunday, 8pm CT","Trophy Lounge",62880,MXN,3633,Mexico
12,"GROUP STAGE MATCHES","European Play-Off B","Tunisia","Monterrey Stadium","Guadalupe","Mexico","June 14","Sunday, 8pm CT","Champions Club",61350,MXN,3544,Mexico
12,"GROUP STAGE MATCHES","European Play-Off B","Tunisia","Monterrey Stadium","Guadalupe","Mexico","June 14","Sunday, 8pm CT","FIFA Pavilion",35700,MXN,2062,Mexico
13,"GROUP STAGE MATCHES","Saudi Arabia","Uruguay","Miami Stadium","Miami Gardens","United States","June 15","Monday, 6pm ET","Pitchside Lounge",3520,USD,3520,United States
13,"GROUP STAGE MATCHES","Saudi Arabia","Uruguay","Miami Stadium","Miami Gardens","United States","June 15","Monday, 6pm ET","VIP ",2800,USD,2800,United States
13,"GROUP STAGE MATCHES","Saudi Arabia","Uruguay","Miami Stadium","Miami Gardens","United States","June 15","Monday, 6pm ET","Trophy Lounge",2350,USD,2350,United States
13,"GROUP STAGE MATCHES","Saudi Arabia","Uruguay","Miami Stadium","Miami Gardens","United States","June 15","Monday, 6pm ET","Champions Club",2000,USD,2000,United States
13,"GROUP STAGE MATCHES","Saudi Arabia","Uruguay","Miami Stadium","Miami Gardens","United States","June 15","Monday, 6pm ET","FIFA Pavilion",1750,USD,1750,United States
14,"GROUP STAGE MATCHES","Spain","Cabo Verde","Atlanta Stadium","Atlanta","United States","June 15","Monday, 12pm ET","Pitchside Lounge",3350,USD,3350,United States
14,"GROUP STAGE MATCHES","Spain","Cabo Verde","Atlanta Stadium","Atlanta","United States","June 15","Monday, 12pm ET","VIP ",2850,USD,2850,United States
14,"GROUP STAGE MATCHES","Spain","Cabo Verde","Atlanta Stadium","Atlanta","United States","June 15","Monday, 12pm ET","Trophy Lounge",2500,USD,2500,United States
14,"GROUP STAGE MATCHES","Spain","Cabo Verde","Atlanta Stadium","Atlanta","United States","June 15","Monday, 12pm ET","Champions Club",2050,USD,2050,United States
15,"GROUP STAGE MATCHES","IR Iran","New Zealand","Los Angeles Stadium","Inglewood","United States","June 15","Monday, 6pm PT","Pitchside Lounge",3350,USD,3350,United States
15,"GROUP STAGE MATCHES","IR Iran","New Zealand","Los Angeles Stadium","Inglewood","United States","June 15","Monday, 6pm PT","VIP ",2950,USD,2950,United States
15,"GROUP STAGE MATCHES","IR Iran","New Zealand","Los Angeles Stadium","Inglewood","United States","June 15","Monday, 6pm PT","Trophy Lounge",2500,USD,2500,United States
15,"GROUP STAGE MATCHES","IR Iran","New Zealand","Los Angeles Stadium","Inglewood","United States","June 15","Monday, 6pm PT","Champions Club",2150,USD,2150,United States
15,"GROUP STAGE MATCHES","IR Iran","New Zealand","Los Angeles Stadium","Inglewood","United States","June 15","Monday, 6pm PT","FIFA Pavilion",1400,USD,1400,United States
16,"GROUP STAGE MATCHES","Belgium","Egypt","Seattle Stadium","Seattle","United States","June 15","Monday, 12pm PT","Pitchside Lounge",4750,USD,4750,United States
16,"GROUP STAGE MATCHES","Belgium","Egypt","Seattle Stadium","Seattle","United States","June 15","Monday, 12pm PT","VIP ",4250,USD,4250,United States
16,"GROUP STAGE MATCHES","Belgium","Egypt","Seattle Stadium","Seattle","United States","June 15","Monday, 12pm PT","Trophy Lounge",2690,USD,2690,United States
16,"GROUP STAGE MATCHES","Belgium","Egypt","Seattle Stadium","Seattle","United States","June 15","Monday, 12pm PT","Champions Club",2250,USD,2250,United States
16,"GROUP STAGE MATCHES","Belgium","Egypt","Seattle Stadium","Seattle","United States","June 15","Monday, 12pm PT","FIFA Pavilion",1575,USD,1575,United States
17,"GROUP STAGE MATCHES","France","Senegal","New York New Jersey Stadium","East Rutherford","United States","June 16","Tuesday, 3pm ET","Pitchside Lounge",4500,USD,4500,United States
17,"GROUP STAGE MATCHES","France","Senegal","New York New Jersey Stadium","East Rutherford","United States","June 16","Tuesday, 3pm ET","VIP ",3400,USD,3400,United States
17,"GROUP STAGE MATCHES","France","Senegal","New York New Jersey Stadium","East Rutherford","United States","June 16","Tuesday, 3pm ET","Trophy Lounge",3200,USD,3200,United States
17,"GROUP STAGE MATCHES","France","Senegal","New York New Jersey Stadium","East Rutherford","United States","June 16","Tuesday, 3pm ET","Champions Club",2900,USD,2900,United States
17,"GROUP STAGE MATCHES","France","Senegal","New York New Jersey Stadium","East Rutherford","United States","June 16","Tuesday, 3pm ET","FIFA Pavilion",2300,USD,2300,United States
18,"GROUP STAGE MATCHES","FIFA Play-Off 2","Norway","Boston Stadium","Foxborough","United States","June 16","Tuesday, 6pm ET","Pitchside Lounge",3150,USD,3150,United States
18,"GROUP STAGE MATCHES","FIFA Play-Off 2","Norway","Boston Stadium","Foxborough","United States","June 16","Tuesday, 6pm ET","VIP ",2900,USD,2900,United States
18,"GROUP STAGE MATCHES","FIFA Play-Off 2","Norway","Boston Stadium","Foxborough","United States","June 16","Tuesday, 6pm ET","Trophy Lounge",2225,USD,2225,United States
18,"GROUP STAGE MATCHES","FIFA Play-Off 2","Norway","Boston Stadium","Foxborough","United States","June 16","Tuesday, 6pm ET","Champions Club",2000,USD,2000,United States
19,"GROUP STAGE MATCHES","Argentina","Algeria","Kansas City Stadium","Kansas City","United States","June 16","Tuesday, 8pm CT","Pitchside Lounge",3150,USD,3150,United States
19,"GROUP STAGE MATCHES","Argentina","Algeria","Kansas City Stadium","Kansas City","United States","June 16","Tuesday, 8pm CT","VIP ",2740,USD,2740,United States
19,"GROUP STAGE MATCHES","Argentina","Algeria","Kansas City Stadium","Kansas City","United States","June 16","Tuesday, 8pm CT","Trophy Lounge",2540,USD,2540,United States
19,"GROUP STAGE MATCHES","Argentina","Algeria","Kansas City Stadium","Kansas City","United States","June 16","Tuesday, 8pm CT","Champions Club",2310,USD,2310,United States
19,"GROUP STAGE MATCHES","Argentina","Algeria","Kansas City Stadium","Kansas City","United States","June 16","Tuesday, 8pm CT","FIFA Pavilion",2000,USD,2000,United States
20,"GROUP STAGE MATCHES","Austria","Jordan","San Francisco Bay Area Stadium","Santa Clara","United States","June 16","Tuesday, 9pm PT","Pitchside Lounge",3200,USD,3200,United States
20,"GROUP STAGE MATCHES","Austria","Jordan","San Francisco Bay Area Stadium","Santa Clara","United States","June 16","Tuesday, 9pm PT","VIP ",2800,USD,2800,United States
20,"GROUP STAGE MATCHES","Austria","Jordan","San Francisco Bay Area Stadium","Santa Clara","United States","June 16","Tuesday, 9pm PT","Trophy Lounge",2250,USD,2250,United States
20,"GROUP STAGE MATCHES","Austria","Jordan","San Francisco Bay Area Stadium","Santa Clara","United States","June 16","Tuesday, 9pm PT","Champions Club",2000,USD,2000,United States
21,"GROUP STAGE MATCHES","Ghana","Panama","Toronto Stadium","Toronto","Canada","June 17","Wednesday, 7pm ET","Pitchside Lounge",5350,CAD,3905,Canada
21,"GROUP STAGE MATCHES","Ghana","Panama","Toronto Stadium","Toronto","Canada","June 17","Wednesday, 7pm ET","VIP ",4550,CAD,3321,Canada
21,"GROUP STAGE MATCHES","Ghana","Panama","Toronto Stadium","Toronto","Canada","June 17","Wednesday, 7pm ET","Lounge 1930 ",4550,CAD,3321,Canada
21,"GROUP STAGE MATCHES","Ghana","Panama","Toronto Stadium","Toronto","Canada","June 17","Wednesday, 7pm ET","Trophy Lounge",3750,CAD,2737,Canada
21,"GROUP STAGE MATCHES","Ghana","Panama","Toronto Stadium","Toronto","Canada","June 17","Wednesday, 7pm ET","Champions Club",3300,CAD,2409,Canada
21,"GROUP STAGE MATCHES","Ghana","Panama","Toronto Stadium","Toronto","Canada","June 17","Wednesday, 7pm ET","FIFA Pavilion",2500,CAD,1825,Canada
22,"GROUP STAGE MATCHES","England","Croatia","Dallas Stadium","Arlington","United States","June 17","Wednesday, 3pm CT","Pitchside Lounge",3450,USD,3450,United States
22,"GROUP STAGE MATCHES","England","Croatia","Dallas Stadium","Arlington","United States","June 17","Wednesday, 3pm CT","VIP ",3000,USD,3000,United States
22,"GROUP STAGE MATCHES","England","Croatia","Dallas Stadium","Arlington","United States","June 17","Wednesday, 3pm CT","Trophy Lounge",2500,USD,2500,United States
23,"GROUP STAGE MATCHES","Portugal","FIFA Play-Off 1","Houston Stadium","Houston","United States","June 17","Wednesday, 12pm CT","Pitchside Lounge",3200,USD,3200,United States
23,"GROUP STAGE MATCHES","Portugal","FIFA Play-Off 1","Houston Stadium","Houston","United States","June 17","Wednesday, 12pm CT","VIP ",2700,USD,2700,United States
23,"GROUP STAGE MATCHES","Portugal","FIFA Play-Off 1","Houston Stadium","Houston","United States","June 17","Wednesday, 12pm CT","Trophy Lounge",2475,USD,2475,United States
24,"GROUP STAGE MATCHES","Uzbekistan","Colombia","Mexico City Stadium","Ciudad de México","Mexico","June 17","Wednesday, 9pm CT","Pitchside Lounge",110000,MXN,6355,Mexico
24,"GROUP STAGE MATCHES","Uzbekistan","Colombia","Mexico City Stadium","Ciudad de México","Mexico","June 17","Wednesday, 9pm CT","VIP ",85000,MXN,4910,Mexico
24,"GROUP STAGE MATCHES","Uzbekistan","Colombia","Mexico City Stadium","Ciudad de México","Mexico","June 17","Wednesday, 9pm CT","Trophy Lounge",75000,MXN,4333,Mexico
24,"GROUP STAGE MATCHES","Uzbekistan","Colombia","Mexico City Stadium","Ciudad de México","Mexico","June 17","Wednesday, 9pm CT","Champions Club",67500,MXN,3899,Mexico
24,"GROUP STAGE MATCHES","Uzbekistan","Colombia","Mexico City Stadium","Ciudad de México","Mexico","June 17","Wednesday, 9pm CT","FIFA Pavilion",58370,MXN,3372,Mexico
25,"GROUP STAGE MATCHES","European Play-Off D","South Africa","Atlanta Stadium","Atlanta","United States","June 18","Thursday, 12pm ET","Pitchside Lounge",3350,USD,3350,United States
25,"GROUP STAGE MATCHES","European Play-Off D","South Africa","Atlanta Stadium","Atlanta","United States","June 18","Thursday, 12pm ET","VIP ",2800,USD,2800,United States
25,"GROUP STAGE MATCHES","European Play-Off D","South Africa","Atlanta Stadium","Atlanta","United States","June 18","Thursday, 12pm ET","Trophy Lounge",2300,USD,2300,United States
25,"GROUP STAGE MATCHES","European Play-Off D","South Africa","Atlanta Stadium","Atlanta","United States","June 18","Thursday, 12pm ET","Champions Club",2000,USD,2000,United States
26,"GROUP STAGE MATCHES","Switzerland","European Play-Off A","Los Angeles Stadium","Inglewood","United States","June 18","Thursday, 12pm PT","Pitchside Lounge",3400,USD,3400,United States
26,"GROUP STAGE MATCHES","Switzerland","European Play-Off A","Los Angeles Stadium","Inglewood","United States","June 18","Thursday, 12pm PT","VIP ",3000,USD,3000,United States
26,"GROUP STAGE MATCHES","Switzerland","European Play-Off A","Los Angeles Stadium","Inglewood","United States","June 18","Thursday, 12pm PT","Trophy Lounge",2500,USD,2500,United States
26,"GROUP STAGE MATCHES","Switzerland","European Play-Off A","Los Angeles Stadium","Inglewood","United States","June 18","Thursday, 12pm PT","Champions Club",2200,USD,2200,United States
26,"GROUP STAGE MATCHES","Switzerland","European Play-Off A","Los Angeles Stadium","Inglewood","United States","June 18","Thursday, 12pm PT","FIFA Pavilion",1510,USD,1510,United States
27,"GROUP STAGE MATCHES","Canada","Qatar","BC Place Vancouver","Vancouver","Canada","June 18","Thursday, 3pm PT","Pitchside Lounge",9150,CAD,6679,Canada
27,"GROUP STAGE MATCHES","Canada","Qatar","BC Place Vancouver","Vancouver","Canada","June 18","Thursday, 3pm PT","VIP ",6275,CAD,4580,Canada
27,"GROUP STAGE MATCHES","Canada","Qatar","BC Place Vancouver","Vancouver","Canada","June 18","Thursday, 3pm PT","Lounge 1930 ",6275,CAD,4580,Canada
27,"GROUP STAGE MATCHES","Canada","Qatar","BC Place Vancouver","Vancouver","Canada","June 18","Thursday, 3pm PT","Trophy Lounge",5300,CAD,3869,Canada
27,"GROUP STAGE MATCHES","Canada","Qatar","BC Place Vancouver","Vancouver","Canada","June 18","Thursday, 3pm PT","Champions Club",3875,CAD,2828,Canada
27,"GROUP STAGE MATCHES","Canada","Qatar","BC Place Vancouver","Vancouver","Canada","June 18","Thursday, 3pm PT","FIFA Pavilion",3575,CAD,2609,Canada
29,"GROUP STAGE MATCHES","Brazil","Haiti","Philadelphia Stadium","Philadelphia","United States","June 19","Friday, 9pm ET","Pitchside Lounge",3300,USD,3300,United States
29,"GROUP STAGE MATCHES","Brazil","Haiti","Philadelphia Stadium","Philadelphia","United States","June 19","Friday, 9pm ET","VIP ",2800,USD,2800,United States
29,"GROUP STAGE MATCHES","Brazil","Haiti","Philadelphia Stadium","Philadelphia","United States","June 19","Friday, 9pm ET","Trophy Lounge",2490,USD,2490,United States
29,"GROUP STAGE MATCHES","Brazil","Haiti","Philadelphia Stadium","Philadelphia","United States","June 19","Friday, 9pm ET","Champions Club",2310,USD,2310,United States
30,"GROUP STAGE MATCHES","Scotland","Morocco","Boston Stadium","Foxborough","United States","June 19","Friday, 6pm ET","Pitchside Lounge",3350,USD,3350,United States
30,"GROUP STAGE MATCHES","Scotland","Morocco","Boston Stadium","Foxborough","United States","June 19","Friday, 6pm ET","VIP ",2850,USD,2850,United States
30,"GROUP STAGE MATCHES","Scotland","Morocco","Boston Stadium","Foxborough","United States","June 19","Friday, 6pm ET","Trophy Lounge",2350,USD,2350,United States
30,"GROUP STAGE MATCHES","Scotland","Morocco","Boston Stadium","Foxborough","United States","June 19","Friday, 6pm ET","Champions Club",2050,USD,2050,United States
31,"GROUP STAGE MATCHES","European Play-Off C","Paraguay","San Francisco Bay Area Stadium","Santa Clara","United States","June 19","Friday, 9pm PT","Pitchside Lounge",3400,USD,3400,United States
31,"GROUP STAGE MATCHES","European Play-Off C","Paraguay","San Francisco Bay Area Stadium","Santa Clara","United States","June 19","Friday, 9pm PT","VIP ",2900,USD,2900,United States
31,"GROUP STAGE MATCHES","European Play-Off C","Paraguay","San Francisco Bay Area Stadium","Santa Clara","United States","June 19","Friday, 9pm PT","Trophy Lounge",2375,USD,2375,United States
31,"GROUP STAGE MATCHES","European Play-Off C","Paraguay","San Francisco Bay Area Stadium","Santa Clara","United States","June 19","Friday, 9pm PT","Champions Club",2100,USD,2100,United States
32,"GROUP STAGE MATCHES","USA","Australia","Seattle Stadium","Seattle","United States","June 19","Friday, 12pm PT","Pitchside Lounge",5500,USD,5500,United States
32,"GROUP STAGE MATCHES","USA","Australia","Seattle Stadium","Seattle","United States","June 19","Friday, 12pm PT","VIP ",4700,USD,4700,United States
32,"GROUP STAGE MATCHES","USA","Australia","Seattle Stadium","Seattle","United States","June 19","Friday, 12pm PT","Trophy Lounge",4100,USD,4100,United States
32,"GROUP STAGE MATCHES","USA","Australia","Seattle Stadium","Seattle","United States","June 19","Friday, 12pm PT","Champions Club",2975,USD,2975,United States
32,"GROUP STAGE MATCHES","USA","Australia","Seattle Stadium","Seattle","United States","June 19","Friday, 12pm PT","FIFA Pavilion",2650,USD,2650,United States
33,"GROUP STAGE MATCHES","Germany","Côte d'Ivoire","Toronto Stadium","Toronto","Canada","June 20","Saturday, 4pm ET","Pitchside Lounge",5500,CAD,4015,Canada
33,"GROUP STAGE MATCHES","Germany","Côte d'Ivoire","Toronto Stadium","Toronto","Canada","June 20","Saturday, 4pm ET","VIP ",4750,CAD,3467,Canada
33,"GROUP STAGE MATCHES","Germany","Côte d'Ivoire","Toronto Stadium","Toronto","Canada","June 20","Saturday, 4pm ET","Lounge 1930 ",4750,CAD,3467,Canada
33,"GROUP STAGE MATCHES","Germany","Côte d'Ivoire","Toronto Stadium","Toronto","Canada","June 20","Saturday, 4pm ET","Trophy Lounge",3800,CAD,2774,Canada
33,"GROUP STAGE MATCHES","Germany","Côte d'Ivoire","Toronto Stadium","Toronto","Canada","June 20","Saturday, 4pm ET","Champions Club",3300,CAD,2409,Canada
33,"GROUP STAGE MATCHES","Germany","Côte d'Ivoire","Toronto Stadium","Toronto","Canada","June 20","Saturday, 4pm ET","FIFA Pavilion",2500,CAD,1825,Canada
34,"GROUP STAGE MATCHES","Ecuador","Curaçao","Kansas City Stadium","Kansas City","United States","June 20","Saturday, 7pm CT","Pitchside Lounge",3350,USD,3350,United States
34,"GROUP STAGE MATCHES","Ecuador","Curaçao","Kansas City Stadium","Kansas City","United States","June 20","Saturday, 7pm CT","VIP ",2850,USD,2850,United States
34,"GROUP STAGE MATCHES","Ecuador","Curaçao","Kansas City Stadium","Kansas City","United States","June 20","Saturday, 7pm CT","Trophy Lounge",2400,USD,2400,United States
34,"GROUP STAGE MATCHES","Ecuador","Curaçao","Kansas City Stadium","Kansas City","United States","June 20","Saturday, 7pm CT","Champions Club",2050,USD,2050,United States
34,"GROUP STAGE MATCHES","Ecuador","Curaçao","Kansas City Stadium","Kansas City","United States","June 20","Saturday, 7pm CT","FIFA Pavilion",1475,USD,1475,United States
35,"GROUP STAGE MATCHES","Netherlands","European Play-Off B","Houston Stadium","Houston","United States","June 20","Saturday, 12pm CT","Pitchside Lounge",3300,USD,3300,United States
35,"GROUP STAGE MATCHES","Netherlands","European Play-Off B","Houston Stadium","Houston","United States","June 20","Saturday, 12pm CT","VIP ",2800,USD,2800,United States
35,"GROUP STAGE MATCHES","Netherlands","European Play-Off B","Houston Stadium","Houston","United States","June 20","Saturday, 12pm CT","Trophy Lounge",2480,USD,2480,United States
36,"GROUP STAGE MATCHES","Tunisia","Japan","Monterrey Stadium","Guadalupe","Mexico","June 20","Saturday, 10pm CT","Pitchside Lounge",91000,MXN,5257,Mexico
36,"GROUP STAGE MATCHES","Tunisia","Japan","Monterrey Stadium","Guadalupe","Mexico","June 20","Saturday, 10pm CT","VIP ",81450,MXN,4705,Mexico
36,"GROUP STAGE MATCHES","Tunisia","Japan","Monterrey Stadium","Guadalupe","Mexico","June 20","Saturday, 10pm CT","Trophy Lounge",69400,MXN,4009,Mexico
36,"GROUP STAGE MATCHES","Tunisia","Japan","Monterrey Stadium","Guadalupe","Mexico","June 20","Saturday, 10pm CT","Champions Club",62350,MXN,3602,Mexico
36,"GROUP STAGE MATCHES","Tunisia","Japan","Monterrey Stadium","Guadalupe","Mexico","June 20","Saturday, 10pm CT","FIFA Pavilion",39700,MXN,2293,Mexico
37,"GROUP STAGE MATCHES","Uruguay","Cabo Verde","Miami Stadium","Miami Gardens","United States","June 21","Sunday, 6pm ET","Pitchside Lounge",3940,USD,3940,United States
37,"GROUP STAGE MATCHES","Uruguay","Cabo Verde","Miami Stadium","Miami Gardens","United States","June 21","Sunday, 6pm ET","VIP ",3000,USD,3000,United States
37,"GROUP STAGE MATCHES","Uruguay","Cabo Verde","Miami Stadium","Miami Gardens","United States","June 21","Sunday, 6pm ET","Trophy Lounge",2475,USD,2475,United States
37,"GROUP STAGE MATCHES","Uruguay","Cabo Verde","Miami Stadium","Miami Gardens","United States","June 21","Sunday, 6pm ET","Champions Club",2100,USD,2100,United States
37,"GROUP STAGE MATCHES","Uruguay","Cabo Verde","Miami Stadium","Miami Gardens","United States","June 21","Sunday, 6pm ET","FIFA Pavilion",1825,USD,1825,United States
38,"GROUP STAGE MATCHES","Spain","Saudi Arabia","Atlanta Stadium","Atlanta","United States","June 21","Sunday, 12pm ET","Pitchside Lounge",3500,USD,3500,United States
38,"GROUP STAGE MATCHES","Spain","Saudi Arabia","Atlanta Stadium","Atlanta","United States","June 21","Sunday, 12pm ET","VIP ",2950,USD,2950,United States
38,"GROUP STAGE MATCHES","Spain","Saudi Arabia","Atlanta Stadium","Atlanta","United States","June 21","Sunday, 12pm ET","Trophy Lounge",2640,USD,2640,United States
38,"GROUP STAGE MATCHES","Spain","Saudi Arabia","Atlanta Stadium","Atlanta","United States","June 21","Sunday, 12pm ET","Champions Club",2150,USD,2150,United States
39,"GROUP STAGE MATCHES","Belgium","IR Iran","Los Angeles Stadium","Inglewood","United States","June 21","Sunday, 12pm PT","Pitchside Lounge",3600,USD,3600,United States
39,"GROUP STAGE MATCHES","Belgium","IR Iran","Los Angeles Stadium","Inglewood","United States","June 21","Sunday, 12pm PT","VIP ",3100,USD,3100,United States
39,"GROUP STAGE MATCHES","Belgium","IR Iran","Los Angeles Stadium","Inglewood","United States","June 21","Sunday, 12pm PT","Trophy Lounge",2625,USD,2625,United States
39,"GROUP STAGE MATCHES","Belgium","IR Iran","Los Angeles Stadium","Inglewood","United States","June 21","Sunday, 12pm PT","Champions Club",2300,USD,2300,United States
39,"GROUP STAGE MATCHES","Belgium","IR Iran","Los Angeles Stadium","Inglewood","United States","June 21","Sunday, 12pm PT","FIFA Pavilion",1475,USD,1475,United States
40,"GROUP STAGE MATCHES","New Zealand","Egypt","BC Place Vancouver","Vancouver","Canada","June 21","Sunday, 6pm PT","Pitchside Lounge",6350,CAD,4635,Canada
40,"GROUP STAGE MATCHES","New Zealand","Egypt","BC Place Vancouver","Vancouver","Canada","June 21","Sunday, 6pm PT","VIP ",4850,CAD,3540,Canada
40,"GROUP STAGE MATCHES","New Zealand","Egypt","BC Place Vancouver","Vancouver","Canada","June 21","Sunday, 6pm PT","Lounge 1930 ",4850,CAD,3540,Canada
40,"GROUP STAGE MATCHES","New Zealand","Egypt","BC Place Vancouver","Vancouver","Canada","June 21","Sunday, 6pm PT","Trophy Lounge",4325,CAD,3157,Canada
40,"GROUP STAGE MATCHES","New Zealand","Egypt","BC Place Vancouver","Vancouver","Canada","June 21","Sunday, 6pm PT","Champions Club",3575,CAD,2609,Canada
40,"GROUP STAGE MATCHES","New Zealand","Egypt","BC Place Vancouver","Vancouver","Canada","June 21","Sunday, 6pm PT","FIFA Pavilion",2575,CAD,1880,Canada
41,"GROUP STAGE MATCHES","Norway","Senegal","New York New Jersey Stadium","East Rutherford","United States","June 22","Monday, 8pm ET","Pitchside Lounge",3500,USD,3500,United States
41,"GROUP STAGE MATCHES","Norway","Senegal","New York New Jersey Stadium","East Rutherford","United States","June 22","Monday, 8pm ET","VIP ",3200,USD,3200,United States
41,"GROUP STAGE MATCHES","Norway","Senegal","New York New Jersey Stadium","East Rutherford","United States","June 22","Monday, 8pm ET","Trophy Lounge",3000,USD,3000,United States
41,"GROUP STAGE MATCHES","Norway","Senegal","New York New Jersey Stadium","East Rutherford","United States","June 22","Monday, 8pm ET","Champions Club",2800,USD,2800,United States
41,"GROUP STAGE MATCHES","Norway","Senegal","New York New Jersey Stadium","East Rutherford","United States","June 22","Monday, 8pm ET","FIFA Pavilion",1800,USD,1800,United States
42,"GROUP STAGE MATCHES","France","FIFA Play-Off 2","Philadelphia Stadium","Philadelphia","United States","June 22","Monday, 5pm ET","Pitchside Lounge",3200,USD,3200,United States
42,"GROUP STAGE MATCHES","France","FIFA Play-Off 2","Philadelphia Stadium","Philadelphia","United States","June 22","Monday, 5pm ET","VIP ",2700,USD,2700,United States
42,"GROUP STAGE MATCHES","France","FIFA Play-Off 2","Philadelphia Stadium","Philadelphia","United States","June 22","Monday, 5pm ET","Trophy Lounge",2320,USD,2320,United States
42,"GROUP STAGE MATCHES","France","FIFA Play-Off 2","Philadelphia Stadium","Philadelphia","United States","June 22","Monday, 5pm ET","Champions Club",2050,USD,2050,United States
43,"GROUP STAGE MATCHES","Argentina","Austria","Dallas Stadium","Arlington","United States","June 22","Monday, 12pm CT","Pitchside Lounge",3450,USD,3450,United States
43,"GROUP STAGE MATCHES","Argentina","Austria","Dallas Stadium","Arlington","United States","June 22","Monday, 12pm CT","VIP ",3000,USD,3000,United States
43,"GROUP STAGE MATCHES","Argentina","Austria","Dallas Stadium","Arlington","United States","June 22","Monday, 12pm CT","Trophy Lounge",2500,USD,2500,United States
44,"GROUP STAGE MATCHES","Jordan","Algeria","San Francisco Bay Area Stadium","Santa Clara","United States","June 22","Monday, 8pm PT","Pitchside Lounge",3200,USD,3200,United States
44,"GROUP STAGE MATCHES","Jordan","Algeria","San Francisco Bay Area Stadium","Santa Clara","United States","June 22","Monday, 8pm PT","VIP ",2800,USD,2800,United States
44,"GROUP STAGE MATCHES","Jordan","Algeria","San Francisco Bay Area Stadium","Santa Clara","United States","June 22","Monday, 8pm PT","Trophy Lounge",2250,USD,2250,United States
44,"GROUP STAGE MATCHES","Jordan","Algeria","San Francisco Bay Area Stadium","Santa Clara","United States","June 22","Monday, 8pm PT","Champions Club",2000,USD,2000,United States
45,"GROUP STAGE MATCHES","England","Ghana","Boston Stadium","Foxborough","United States","June 23","Tuesday, 4pm ET","Pitchside Lounge",3200,USD,3200,United States
45,"GROUP STAGE MATCHES","England","Ghana","Boston Stadium","Foxborough","United States","June 23","Tuesday, 4pm ET","VIP ",2700,USD,2700,United States
45,"GROUP STAGE MATCHES","England","Ghana","Boston Stadium","Foxborough","United States","June 23","Tuesday, 4pm ET","Trophy Lounge",2490,USD,2490,United States
45,"GROUP STAGE MATCHES","England","Ghana","Boston Stadium","Foxborough","United States","June 23","Tuesday, 4pm ET","Champions Club",2310,USD,2310,United States
46,"GROUP STAGE MATCHES","Panama","Croatia","Toronto Stadium","Toronto","Canada","June 23","Tuesday, 7pm ET","Pitchside Lounge",5350,CAD,3905,Canada
46,"GROUP STAGE MATCHES","Panama","Croatia","Toronto Stadium","Toronto","Canada","June 23","Tuesday, 7pm ET","VIP ",4550,CAD,3321,Canada
46,"GROUP STAGE MATCHES","Panama","Croatia","Toronto Stadium","Toronto","Canada","June 23","Tuesday, 7pm ET","Lounge 1930 ",4550,CAD,3321,Canada
46,"GROUP STAGE MATCHES","Panama","Croatia","Toronto Stadium","Toronto","Canada","June 23","Tuesday, 7pm ET","Trophy Lounge",3850,CAD,2810,Canada
46,"GROUP STAGE MATCHES","Panama","Croatia","Toronto Stadium","Toronto","Canada","June 23","Tuesday, 7pm ET","Champions Club",3450,CAD,2518,Canada
46,"GROUP STAGE MATCHES","Panama","Croatia","Toronto Stadium","Toronto","Canada","June 23","Tuesday, 7pm ET","FIFA Pavilion",2600,CAD,1898,Canada
47,"GROUP STAGE MATCHES","Portugal","Uzbekistan","Houston Stadium","Houston","United States","June 23","Tuesday, 12pm CT","Pitchside Lounge",3200,USD,3200,United States
47,"GROUP STAGE MATCHES","Portugal","Uzbekistan","Houston Stadium","Houston","United States","June 23","Tuesday, 12pm CT","VIP ",2710,USD,2710,United States
47,"GROUP STAGE MATCHES","Portugal","Uzbekistan","Houston Stadium","Houston","United States","June 23","Tuesday, 12pm CT","Trophy Lounge",2510,USD,2510,United States
48,"GROUP STAGE MATCHES","Colombia","FIFA Play-Off 1","Guadalajara Stadium","Zapopan","Mexico","June 23","Tuesday, 8pm CT","Pitchside Lounge",96000,MXN,5546,Mexico
48,"GROUP STAGE MATCHES","Colombia","FIFA Play-Off 1","Guadalajara Stadium","Zapopan","Mexico","June 23","Tuesday, 8pm CT","VIP ",70840,MXN,4092,Mexico
48,"GROUP STAGE MATCHES","Colombia","FIFA Play-Off 1","Guadalajara Stadium","Zapopan","Mexico","June 23","Tuesday, 8pm CT","Trophy Lounge",61990,MXN,3581,Mexico
48,"GROUP STAGE MATCHES","Colombia","FIFA Play-Off 1","Guadalajara Stadium","Zapopan","Mexico","June 23","Tuesday, 8pm CT","Champions Club",56430,MXN,3260,Mexico
48,"GROUP STAGE MATCHES","Colombia","FIFA Play-Off 1","Guadalajara Stadium","Zapopan","Mexico","June 23","Tuesday, 8pm CT","FIFA Pavilion",36770,MXN,2124,Mexico
49,"GROUP STAGE MATCHES","Scotland","Brazil","Miami Stadium","Miami Gardens","United States","June 24","Wednesday, 6pm ET","Pitchside Lounge",6100,USD,6100,United States
49,"GROUP STAGE MATCHES","Scotland","Brazil","Miami Stadium","Miami Gardens","United States","June 24","Wednesday, 6pm ET","VIP ",3700,USD,3700,United States
49,"GROUP STAGE MATCHES","Scotland","Brazil","Miami Stadium","Miami Gardens","United States","June 24","Wednesday, 6pm ET","Trophy Lounge",3400,USD,3400,United States
49,"GROUP STAGE MATCHES","Scotland","Brazil","Miami Stadium","Miami Gardens","United States","June 24","Wednesday, 6pm ET","Champions Club",3000,USD,3000,United States
49,"GROUP STAGE MATCHES","Scotland","Brazil","Miami Stadium","Miami Gardens","United States","June 24","Wednesday, 6pm ET","FIFA Pavilion",2700,USD,2700,United States
50,"GROUP STAGE MATCHES","Morocco","Haiti","Atlanta Stadium","Atlanta","United States","June 24","Wednesday, 6pm ET","Pitchside Lounge",3350,USD,3350,United States
50,"GROUP STAGE MATCHES","Morocco","Haiti","Atlanta Stadium","Atlanta","United States","June 24","Wednesday, 6pm ET","VIP ",2850,USD,2850,United States
50,"GROUP STAGE MATCHES","Morocco","Haiti","Atlanta Stadium","Atlanta","United States","June 24","Wednesday, 6pm ET","Trophy Lounge",2275,USD,2275,United States
50,"GROUP STAGE MATCHES","Morocco","Haiti","Atlanta Stadium","Atlanta","United States","June 24","Wednesday, 6pm ET","Champions Club",2050,USD,2050,United States
51,"GROUP STAGE MATCHES","Switzerland","Canada","BC Place Vancouver","Vancouver","Canada","June 24","Wednesday, 12pm PT","Pitchside Lounge",9075,CAD,6624,Canada
51,"GROUP STAGE MATCHES","Switzerland","Canada","BC Place Vancouver","Vancouver","Canada","June 24","Wednesday, 12pm PT","VIP ",6275,CAD,4580,Canada
51,"GROUP STAGE MATCHES","Switzerland","Canada","BC Place Vancouver","Vancouver","Canada","June 24","Wednesday, 12pm PT","Lounge 1930 ",6275,CAD,4580,Canada
51,"GROUP STAGE MATCHES","Switzerland","Canada","BC Place Vancouver","Vancouver","Canada","June 24","Wednesday, 12pm PT","Trophy Lounge",5225,CAD,3814,Canada
51,"GROUP STAGE MATCHES","Switzerland","Canada","BC Place Vancouver","Vancouver","Canada","June 24","Wednesday, 12pm PT","Champions Club",3700,CAD,2701,Canada
51,"GROUP STAGE MATCHES","Switzerland","Canada","BC Place Vancouver","Vancouver","Canada","June 24","Wednesday, 12pm PT","FIFA Pavilion",3425,CAD,2500,Canada
52,"GROUP STAGE MATCHES","European Play-Off A","Qatar","Seattle Stadium","Seattle","United States","June 24","Wednesday, 12pm PT","Pitchside Lounge",4550,USD,4550,United States
52,"GROUP STAGE MATCHES","European Play-Off A","Qatar","Seattle Stadium","Seattle","United States","June 24","Wednesday, 12pm PT","VIP ",3850,USD,3850,United States
52,"GROUP STAGE MATCHES","European Play-Off A","Qatar","Seattle Stadium","Seattle","United States","June 24","Wednesday, 12pm PT","Trophy Lounge",2875,USD,2875,United States
52,"GROUP STAGE MATCHES","European Play-Off A","Qatar","Seattle Stadium","Seattle","United States","June 24","Wednesday, 12pm PT","Champions Club",2000,USD,2000,United States
52,"GROUP STAGE MATCHES","European Play-Off A","Qatar","Seattle Stadium","Seattle","United States","June 24","Wednesday, 12pm PT","FIFA Pavilion",1575,USD,1575,United States
54,"GROUP STAGE MATCHES","South Africa","Korea Republic","Monterrey Stadium","Guadalupe","Mexico","June 24","Wednesday, 7pm CT","Pitchside Lounge",87705,MXN,5067,Mexico
54,"GROUP STAGE MATCHES","South Africa","Korea Republic","Monterrey Stadium","Guadalupe","Mexico","June 24","Wednesday, 7pm CT","VIP ",73450,MXN,4243,Mexico
54,"GROUP STAGE MATCHES","South Africa","Korea Republic","Monterrey Stadium","Guadalupe","Mexico","June 24","Wednesday, 7pm CT","Trophy Lounge",61350,MXN,3544,Mexico
54,"GROUP STAGE MATCHES","South Africa","Korea Republic","Monterrey Stadium","Guadalupe","Mexico","June 24","Wednesday, 7pm CT","Champions Club",55350,MXN,3198,Mexico
54,"GROUP STAGE MATCHES","South Africa","Korea Republic","Monterrey Stadium","Guadalupe","Mexico","June 24","Wednesday, 7pm CT","FIFA Pavilion",34700,MXN,2005,Mexico
55,"GROUP STAGE MATCHES","Curaçao","Côte d'Ivoire","Philadelphia Stadium","Philadelphia","United States","June 25","Thursday, 4pm ET","Pitchside Lounge",3200,USD,3200,United States
55,"GROUP STAGE MATCHES","Curaçao","Côte d'Ivoire","Philadelphia Stadium","Philadelphia","United States","June 25","Thursday, 4pm ET","VIP ",2700,USD,2700,United States
55,"GROUP STAGE MATCHES","Curaçao","Côte d'Ivoire","Philadelphia Stadium","Philadelphia","United States","June 25","Thursday, 4pm ET","Trophy Lounge",2250,USD,2250,United States
55,"GROUP STAGE MATCHES","Curaçao","Côte d'Ivoire","Philadelphia Stadium","Philadelphia","United States","June 25","Thursday, 4pm ET","Champions Club",1950,USD,1950,United States
56,"GROUP STAGE MATCHES","Ecuador","Germany","New York New Jersey Stadium","East Rutherford","United States","June 25","Thursday, 4pm ET","Pitchside Lounge",4400,USD,4400,United States
56,"GROUP STAGE MATCHES","Ecuador","Germany","New York New Jersey Stadium","East Rutherford","United States","June 25","Thursday, 4pm ET","VIP ",3400,USD,3400,United States
56,"GROUP STAGE MATCHES","Ecuador","Germany","New York New Jersey Stadium","East Rutherford","United States","June 25","Thursday, 4pm ET","Trophy Lounge",3200,USD,3200,United States
56,"GROUP STAGE MATCHES","Ecuador","Germany","New York New Jersey Stadium","East Rutherford","United States","June 25","Thursday, 4pm ET","Champions Club",3000,USD,3000,United States
56,"GROUP STAGE MATCHES","Ecuador","Germany","New York New Jersey Stadium","East Rutherford","United States","June 25","Thursday, 4pm ET","FIFA Pavilion",2450,USD,2450,United States
57,"GROUP STAGE MATCHES","Japan","European Play-Off B","Dallas Stadium","Arlington","United States","June 25","Thursday, 6pm CT","Pitchside Lounge",3450,USD,3450,United States
57,"GROUP STAGE MATCHES","Japan","European Play-Off B","Dallas Stadium","Arlington","United States","June 25","Thursday, 6pm CT","VIP ",3000,USD,3000,United States
57,"GROUP STAGE MATCHES","Japan","European Play-Off B","Dallas Stadium","Arlington","United States","June 25","Thursday, 6pm CT","Trophy Lounge",2350,USD,2350,United States
58,"GROUP STAGE MATCHES","Tunisia","Netherlands","Kansas City Stadium","Kansas City","United States","June 25","Thursday, 6pm CT","Pitchside Lounge",3150,USD,3150,United States
58,"GROUP STAGE MATCHES","Tunisia","Netherlands","Kansas City Stadium","Kansas City","United States","June 25","Thursday, 6pm CT","VIP ",2700,USD,2700,United States
58,"GROUP STAGE MATCHES","Tunisia","Netherlands","Kansas City Stadium","Kansas City","United States","June 25","Thursday, 6pm CT","Trophy Lounge",2310,USD,2310,United States
58,"GROUP STAGE MATCHES","Tunisia","Netherlands","Kansas City Stadium","Kansas City","United States","June 25","Thursday, 6pm CT","Champions Club",2100,USD,2100,United States
58,"GROUP STAGE MATCHES","Tunisia","Netherlands","Kansas City Stadium","Kansas City","United States","June 25","Thursday, 6pm CT","FIFA Pavilion",1400,USD,1400,United States
59,"GROUP STAGE MATCHES","European Play-Off C","USA","Los Angeles Stadium","Inglewood","United States","June 25","Thursday, 7pm PT","Pitchside Lounge",4550,USD,4550,United States
59,"GROUP STAGE MATCHES","European Play-Off C","USA","Los Angeles Stadium","Inglewood","United States","June 25","Thursday, 7pm PT","VIP ",4300,USD,4300,United States
59,"GROUP STAGE MATCHES","European Play-Off C","USA","Los Angeles Stadium","Inglewood","United States","June 25","Thursday, 7pm PT","Trophy Lounge",3700,USD,3700,United States
59,"GROUP STAGE MATCHES","European Play-Off C","USA","Los Angeles Stadium","Inglewood","United States","June 25","Thursday, 7pm PT","Champions Club",3200,USD,3200,United States
59,"GROUP STAGE MATCHES","European Play-Off C","USA","Los Angeles Stadium","Inglewood","United States","June 25","Thursday, 7pm PT","FIFA Pavilion",2700,USD,2700,United States
60,"GROUP STAGE MATCHES","Paraguay","Australia","San Francisco Bay Area Stadium","Santa Clara","United States","June 25","Thursday, 7pm PT","Pitchside Lounge",3200,USD,3200,United States
60,"GROUP STAGE MATCHES","Paraguay","Australia","San Francisco Bay Area Stadium","Santa Clara","United States","June 25","Thursday, 7pm PT","VIP ",2800,USD,2800,United States
60,"GROUP STAGE MATCHES","Paraguay","Australia","San Francisco Bay Area Stadium","Santa Clara","United States","June 25","Thursday, 7pm PT","Trophy Lounge",2250,USD,2250,United States
60,"GROUP STAGE MATCHES","Paraguay","Australia","San Francisco Bay Area Stadium","Santa Clara","United States","June 25","Thursday, 7pm PT","Champions Club",2000,USD,2000,United States
61,"GROUP STAGE MATCHES","Norway","France","Boston Stadium","Foxborough","United States","June 26","Friday, 3pm ET","Pitchside Lounge",3900,USD,3900,United States
61,"GROUP STAGE MATCHES","Norway","France","Boston Stadium","Foxborough","United States","June 26","Friday, 3pm ET","VIP ",3300,USD,3300,United States
61,"GROUP STAGE MATCHES","Norway","France","Boston Stadium","Foxborough","United States","June 26","Friday, 3pm ET","Trophy Lounge",2700,USD,2700,United States
61,"GROUP STAGE MATCHES","Norway","France","Boston Stadium","Foxborough","United States","June 26","Friday, 3pm ET","Champions Club",2500,USD,2500,United States
62,"GROUP STAGE MATCHES","Senegal","FIFA Play-Off 2","Toronto Stadium","Toronto","Canada","June 26","Friday, 3pm ET","Pitchside Lounge",5600,CAD,4088,Canada
62,"GROUP STAGE MATCHES","Senegal","FIFA Play-Off 2","Toronto Stadium","Toronto","Canada","June 26","Friday, 3pm ET","VIP ",4800,CAD,3504,Canada
62,"GROUP STAGE MATCHES","Senegal","FIFA Play-Off 2","Toronto Stadium","Toronto","Canada","June 26","Friday, 3pm ET","Lounge 1930 ",4800,CAD,3504,Canada
62,"GROUP STAGE MATCHES","Senegal","FIFA Play-Off 2","Toronto Stadium","Toronto","Canada","June 26","Friday, 3pm ET","Trophy Lounge",3950,CAD,2883,Canada
62,"GROUP STAGE MATCHES","Senegal","FIFA Play-Off 2","Toronto Stadium","Toronto","Canada","June 26","Friday, 3pm ET","Champions Club",3450,CAD,2518,Canada
62,"GROUP STAGE MATCHES","Senegal","FIFA Play-Off 2","Toronto Stadium","Toronto","Canada","June 26","Friday, 3pm ET","FIFA Pavilion",2600,CAD,1898,Canada
63,"GROUP STAGE MATCHES","Egypt","IR Iran","Seattle Stadium","Seattle","United States","June 26","Friday, 8pm PT","Pitchside Lounge",4300,USD,4300,United States
63,"GROUP STAGE MATCHES","Egypt","IR Iran","Seattle Stadium","Seattle","United States","June 26","Friday, 8pm PT","VIP ",3600,USD,3600,United States
63,"GROUP STAGE MATCHES","Egypt","IR Iran","Seattle Stadium","Seattle","United States","June 26","Friday, 8pm PT","Trophy Lounge",2500,USD,2500,United States
63,"GROUP STAGE MATCHES","Egypt","IR Iran","Seattle Stadium","Seattle","United States","June 26","Friday, 8pm PT","Champions Club",2100,USD,2100,United States
63,"GROUP STAGE MATCHES","Egypt","IR Iran","Seattle Stadium","Seattle","United States","June 26","Friday, 8pm PT","FIFA Pavilion",1525,USD,1525,United States
64,"GROUP STAGE MATCHES","New Zealand","Belgium","BC Place Vancouver","Vancouver","Canada","June 26","Friday, 8pm PT","Pitchside Lounge",6800,CAD,4964,Canada
64,"GROUP STAGE MATCHES","New Zealand","Belgium","BC Place Vancouver","Vancouver","Canada","June 26","Friday, 8pm PT","VIP ",4850,CAD,3540,Canada
64,"GROUP STAGE MATCHES","New Zealand","Belgium","BC Place Vancouver","Vancouver","Canada","June 26","Friday, 8pm PT","Lounge 1930 ",4850,CAD,3540,Canada
64,"GROUP STAGE MATCHES","New Zealand","Belgium","BC Place Vancouver","Vancouver","Canada","June 26","Friday, 8pm PT","Trophy Lounge",4325,CAD,3157,Canada
64,"GROUP STAGE MATCHES","New Zealand","Belgium","BC Place Vancouver","Vancouver","Canada","June 26","Friday, 8pm PT","Champions Club",3575,CAD,2609,Canada
64,"GROUP STAGE MATCHES","New Zealand","Belgium","BC Place Vancouver","Vancouver","Canada","June 26","Friday, 8pm PT","FIFA Pavilion",2575,CAD,1880,Canada
65,"GROUP STAGE MATCHES","Cabo Verde","Saudi Arabia","Houston Stadium","Houston","United States","June 26","Friday, 7pm CT","Pitchside Lounge",3300,USD,3300,United States
65,"GROUP STAGE MATCHES","Cabo Verde","Saudi Arabia","Houston Stadium","Houston","United States","June 26","Friday, 7pm CT","VIP ",2800,USD,2800,United States
65,"GROUP STAGE MATCHES","Cabo Verde","Saudi Arabia","Houston Stadium","Houston","United States","June 26","Friday, 7pm CT","Trophy Lounge",2430,USD,2430,United States
66,"GROUP STAGE MATCHES","Uruguay","Spain","Guadalajara Stadium","Zapopan","Mexico","June 26","Friday, 6pm CT","Pitchside Lounge",139000,MXN,8030,Mexico
66,"GROUP STAGE MATCHES","Uruguay","Spain","Guadalajara Stadium","Zapopan","Mexico","June 26","Friday, 6pm CT","VIP ",127000,MXN,7337,Mexico
66,"GROUP STAGE MATCHES","Uruguay","Spain","Guadalajara Stadium","Zapopan","Mexico","June 26","Friday, 6pm CT","Trophy Lounge",115000,MXN,6644,Mexico
66,"GROUP STAGE MATCHES","Uruguay","Spain","Guadalajara Stadium","Zapopan","Mexico","June 26","Friday, 6pm CT","Champions Club",70840,MXN,4092,Mexico
66,"GROUP STAGE MATCHES","Uruguay","Spain","Guadalajara Stadium","Zapopan","Mexico","June 26","Friday, 6pm CT","FIFA Pavilion",54060,MXN,3123,Mexico
67,"GROUP STAGE MATCHES","Panama","England","New York New Jersey Stadium","East Rutherford","United States","June 27","Saturday, 5pm ET","Pitchside Lounge",4500,USD,4500,United States
67,"GROUP STAGE MATCHES","Panama","England","New York New Jersey Stadium","East Rutherford","United States","June 27","Saturday, 5pm ET","VIP ",3500,USD,3500,United States
67,"GROUP STAGE MATCHES","Panama","England","New York New Jersey Stadium","East Rutherford","United States","June 27","Saturday, 5pm ET","Trophy Lounge",3300,USD,3300,United States
67,"GROUP STAGE MATCHES","Panama","England","New York New Jersey Stadium","East Rutherford","United States","June 27","Saturday, 5pm ET","Champions Club",3000,USD,3000,United States
67,"GROUP STAGE MATCHES","Panama","England","New York New Jersey Stadium","East Rutherford","United States","June 27","Saturday, 5pm ET","FIFA Pavilion",2400,USD,2400,United States
68,"GROUP STAGE MATCHES","Croatia","Ghana","Philadelphia Stadium","Philadelphia","United States","June 27","Saturday, 5pm ET","Pitchside Lounge",3300,USD,3300,United States
68,"GROUP STAGE MATCHES","Croatia","Ghana","Philadelphia Stadium","Philadelphia","United States","June 27","Saturday, 5pm ET","VIP ",2800,USD,2800,United States
68,"GROUP STAGE MATCHES","Croatia","Ghana","Philadelphia Stadium","Philadelphia","United States","June 27","Saturday, 5pm ET","Trophy Lounge",2375,USD,2375,United States
68,"GROUP STAGE MATCHES","Croatia","Ghana","Philadelphia Stadium","Philadelphia","United States","June 27","Saturday, 5pm ET","Champions Club",2000,USD,2000,United States
69,"GROUP STAGE MATCHES","Algeria","Austria","Kansas City Stadium","Kansas City","United States","June 27","Saturday, 9pm CT","Pitchside Lounge",3350,USD,3350,United States
69,"GROUP STAGE MATCHES","Algeria","Austria","Kansas City Stadium","Kansas City","United States","June 27","Saturday, 9pm CT","VIP ",2850,USD,2850,United States
69,"GROUP STAGE MATCHES","Algeria","Austria","Kansas City Stadium","Kansas City","United States","June 27","Saturday, 9pm CT","Trophy Lounge",2400,USD,2400,United States
69,"GROUP STAGE MATCHES","Algeria","Austria","Kansas City Stadium","Kansas City","United States","June 27","Saturday, 9pm CT","Champions Club",2050,USD,2050,United States
69,"GROUP STAGE MATCHES","Algeria","Austria","Kansas City Stadium","Kansas City","United States","June 27","Saturday, 9pm CT","FIFA Pavilion",1475,USD,1475,United States
70,"GROUP STAGE MATCHES","Jordan","Argentina","Dallas Stadium","Arlington","United States","June 27","Saturday, 9pm CT","Pitchside Lounge",3795,USD,3795,United States
70,"GROUP STAGE MATCHES","Jordan","Argentina","Dallas Stadium","Arlington","United States","June 27","Saturday, 9pm CT","VIP ",3595,USD,3595,United States
70,"GROUP STAGE MATCHES","Jordan","Argentina","Dallas Stadium","Arlington","United States","June 27","Saturday, 9pm CT","Trophy Lounge",2490,USD,2490,United States
71,"GROUP STAGE MATCHES","Colombia","Portugal","Miami Stadium","Miami Gardens","United States","June 27","Saturday, 7pm ET","Pitchside Lounge",7200,USD,7200,United States
71,"GROUP STAGE MATCHES","Colombia","Portugal","Miami Stadium","Miami Gardens","United States","June 27","Saturday, 7pm ET","VIP ",4420,USD,4420,United States
71,"GROUP STAGE MATCHES","Colombia","Portugal","Miami Stadium","Miami Gardens","United States","June 27","Saturday, 7pm ET","Trophy Lounge",4000,USD,4000,United States
71,"GROUP STAGE MATCHES","Colombia","Portugal","Miami Stadium","Miami Gardens","United States","June 27","Saturday, 7pm ET","Champions Club",3600,USD,3600,United States
71,"GROUP STAGE MATCHES","Colombia","Portugal","Miami Stadium","Miami Gardens","United States","June 27","Saturday, 7pm ET","FIFA Pavilion",3300,USD,3300,United States
72,"GROUP STAGE MATCHES","FIFA Play-Off 1","Uzbekistan","Atlanta Stadium","Atlanta","United States","June 27","Saturday, 7pm ET","Pitchside Lounge",3500,USD,3500,United States
72,"GROUP STAGE MATCHES","FIFA Play-Off 1","Uzbekistan","Atlanta Stadium","Atlanta","United States","June 27","Saturday, 7pm ET","VIP ",2950,USD,2950,United States
72,"GROUP STAGE MATCHES","FIFA Play-Off 1","Uzbekistan","Atlanta Stadium","Atlanta","United States","June 27","Saturday, 7pm ET","Trophy Lounge",2400,USD,2400,United States
72,"GROUP STAGE MATCHES","FIFA Play-Off 1","Uzbekistan","Atlanta Stadium","Atlanta","United States","June 27","Saturday, 7pm ET","Champions Club",2150,USD,2150,United States
73,"ROUND OF 32","2A","2B","Los Angeles Stadium","Inglewood","United States","June 28","Sunday, 12pm PT","Pitchside Lounge",4300,USD,4300,United States
73,"ROUND OF 32","2A","2B","Los Angeles Stadium","Inglewood","United States","June 28","Sunday, 12pm PT","VIP ",3700,USD,3700,United States
73,"ROUND OF 32","2A","2B","Los Angeles Stadium","Inglewood","United States","June 28","Sunday, 12pm PT","Trophy Lounge",3325,USD,3325,United States
73,"ROUND OF 32","2A","2B","Los Angeles Stadium","Inglewood","United States","June 28","Sunday, 12pm PT","Champions Club",2800,USD,2800,United States
73,"ROUND OF 32","2A","2B","Los Angeles Stadium","Inglewood","United States","June 28","Sunday, 12pm PT","FIFA Pavilion",2050,USD,2050,United States
74,"ROUND OF 32","1E","3ABCDF","Boston Stadium","Foxborough","United States","June 29","Monday, 4pm ET","Pitchside Lounge",3900,USD,3900,United States
74,"ROUND OF 32","1E","3ABCDF","Boston Stadium","Foxborough","United States","June 29","Monday, 4pm ET","VIP ",3500,USD,3500,United States
74,"ROUND OF 32","1E","3ABCDF","Boston Stadium","Foxborough","United States","June 29","Monday, 4pm ET","Trophy Lounge",3275,USD,3275,United States
74,"ROUND OF 32","1E","3ABCDF","Boston Stadium","Foxborough","United States","June 29","Monday, 4pm ET","Champions Club",2500,USD,2500,United States
75,"ROUND OF 32","1F","2C","Monterrey Stadium","Guadalupe","Mexico","June 29","Monday, 7pm CT","Pitchside Lounge",100100,MXN,5783,Mexico
75,"ROUND OF 32","1F","2C","Monterrey Stadium","Guadalupe","Mexico","June 29","Monday, 7pm CT","VIP ",94550,MXN,5462,Mexico
75,"ROUND OF 32","1F","2C","Monterrey Stadium","Guadalupe","Mexico","June 29","Monday, 7pm CT","Trophy Lounge",81500,MXN,4708,Mexico
75,"ROUND OF 32","1F","2C","Monterrey Stadium","Guadalupe","Mexico","June 29","Monday, 7pm CT","Champions Club",77450,MXN,4474,Mexico
75,"ROUND OF 32","1F","2C","Monterrey Stadium","Guadalupe","Mexico","June 29","Monday, 7pm CT","FIFA Pavilion",55350,MXN,3198,Mexico
76,"ROUND OF 32","1C","2F","Houston Stadium","Houston","United States","June 29","Monday, 12pm CT","Pitchside Lounge",4000,USD,4000,United States
76,"ROUND OF 32","1C","2F","Houston Stadium","Houston","United States","June 29","Monday, 12pm CT","VIP ",3375,USD,3375,United States
76,"ROUND OF 32","1C","2F","Houston Stadium","Houston","United States","June 29","Monday, 12pm CT","Trophy Lounge",2975,USD,2975,United States
77,"ROUND OF 32","1I","3CDFGH","New York New Jersey Stadium","East Rutherford","United States","June 30","Tuesday, 5pm ET","Pitchside Lounge",4700,USD,4700,United States
77,"ROUND OF 32","1I","3CDFGH","New York New Jersey Stadium","East Rutherford","United States","June 30","Tuesday, 5pm ET","VIP ",3800,USD,3800,United States
77,"ROUND OF 32","1I","3CDFGH","New York New Jersey Stadium","East Rutherford","United States","June 30","Tuesday, 5pm ET","Trophy Lounge",3500,USD,3500,United States
77,"ROUND OF 32","1I","3CDFGH","New York New Jersey Stadium","East Rutherford","United States","June 30","Tuesday, 5pm ET","Champions Club",3300,USD,3300,United States
77,"ROUND OF 32","1I","3CDFGH","New York New Jersey Stadium","East Rutherford","United States","June 30","Tuesday, 5pm ET","FIFA Pavilion",2200,USD,2200,United States
78,"ROUND OF 32","2E","2I","Dallas Stadium","Arlington","United States","June 30","Tuesday, 12pm CT","Pitchside Lounge",4250,USD,4250,United States
78,"ROUND OF 32","2E","2I","Dallas Stadium","Arlington","United States","June 30","Tuesday, 12pm CT","VIP ",3700,USD,3700,United States
78,"ROUND OF 32","2E","2I","Dallas Stadium","Arlington","United States","June 30","Tuesday, 12pm CT","Trophy Lounge",3150,USD,3150,United States
79,"ROUND OF 32","1A","3CEFHI","Mexico City Stadium","Ciudad de México","Mexico","June 30","Tuesday, 7pm CT","Pitchside Lounge",160000,MXN,9243,Mexico
79,"ROUND OF 32","1A","3CEFHI","Mexico City Stadium","Ciudad de México","Mexico","June 30","Tuesday, 7pm CT","VIP ",129800,MXN,7499,Mexico
79,"ROUND OF 32","1A","3CEFHI","Mexico City Stadium","Ciudad de México","Mexico","June 30","Tuesday, 7pm CT","Trophy Lounge",124500,MXN,7192,Mexico
79,"ROUND OF 32","1A","3CEFHI","Mexico City Stadium","Ciudad de México","Mexico","June 30","Tuesday, 7pm CT","Champions Club",78500,MXN,4535,Mexico
79,"ROUND OF 32","1A","3CEFHI","Mexico City Stadium","Ciudad de México","Mexico","June 30","Tuesday, 7pm CT","FIFA Pavilion",62400,MXN,3605,Mexico
80,"ROUND OF 32","1L","3EHIJK","Atlanta Stadium","Atlanta","United States","July 1","Wednesday, 12pm ET","Pitchside Lounge",4550,USD,4550,United States
80,"ROUND OF 32","1L","3EHIJK","Atlanta Stadium","Atlanta","United States","July 1","Wednesday, 12pm ET","VIP ",3350,USD,3350,United States
80,"ROUND OF 32","1L","3EHIJK","Atlanta Stadium","Atlanta","United States","July 1","Wednesday, 12pm ET","Trophy Lounge",3000,USD,3000,United States
80,"ROUND OF 32","1L","3EHIJK","Atlanta Stadium","Atlanta","United States","July 1","Wednesday, 12pm ET","Champions Club",2500,USD,2500,United States
81,"ROUND OF 32","1D","3BEFIJ","San Francisco Bay Area Stadium","Santa Clara","United States","July 1","Wednesday, 5pm PT","Pitchside Lounge",4050,USD,4050,United States
81,"ROUND OF 32","1D","3BEFIJ","San Francisco Bay Area Stadium","Santa Clara","United States","July 1","Wednesday, 5pm PT","VIP ",3350,USD,3350,United States
81,"ROUND OF 32","1D","3BEFIJ","San Francisco Bay Area Stadium","Santa Clara","United States","July 1","Wednesday, 5pm PT","Trophy Lounge",3025,USD,3025,United States
81,"ROUND OF 32","1D","3BEFIJ","San Francisco Bay Area Stadium","Santa Clara","United States","July 1","Wednesday, 5pm PT","Champions Club",2450,USD,2450,United States
82,"ROUND OF 32","1G","3AEHIJ","Seattle Stadium","Seattle","United States","July 1","Wednesday, 1pm PT","Pitchside Lounge",4700,USD,4700,United States
82,"ROUND OF 32","1G","3AEHIJ","Seattle Stadium","Seattle","United States","July 1","Wednesday, 1pm PT","VIP ",3850,USD,3850,United States
82,"ROUND OF 32","1G","3AEHIJ","Seattle Stadium","Seattle","United States","July 1","Wednesday, 1pm PT","Trophy Lounge",3200,USD,3200,United States
82,"ROUND OF 32","1G","3AEHIJ","Seattle Stadium","Seattle","United States","July 1","Wednesday, 1pm PT","Champions Club",2900,USD,2900,United States
82,"ROUND OF 32","1G","3AEHIJ","Seattle Stadium","Seattle","United States","July 1","Wednesday, 1pm PT","FIFA Pavilion",2125,USD,2125,United States
83,"ROUND OF 32","2K","2L","Toronto Stadium","Toronto","Canada","July 2","Thursday, 7pm ET","Pitchside Lounge",6350,CAD,4635,Canada
83,"ROUND OF 32","2K","2L","Toronto Stadium","Toronto","Canada","July 2","Thursday, 7pm ET","VIP ",5350,CAD,3905,Canada
83,"ROUND OF 32","2K","2L","Toronto Stadium","Toronto","Canada","July 2","Thursday, 7pm ET","Lounge 1930 ",5350,CAD,3905,Canada
83,"ROUND OF 32","2K","2L","Toronto Stadium","Toronto","Canada","July 2","Thursday, 7pm ET","Trophy Lounge",4850,CAD,3540,Canada
83,"ROUND OF 32","2K","2L","Toronto Stadium","Toronto","Canada","July 2","Thursday, 7pm ET","Champions Club",4300,CAD,3139,Canada
83,"ROUND OF 32","2K","2L","Toronto Stadium","Toronto","Canada","July 2","Thursday, 7pm ET","FIFA Pavilion",3350,CAD,2445,Canada
84,"ROUND OF 32","1H","2J","Los Angeles Stadium","Inglewood","United States","July 2","Thursday, 12pm PT","Pitchside Lounge",4250,USD,4250,United States
84,"ROUND OF 32","1H","2J","Los Angeles Stadium","Inglewood","United States","July 2","Thursday, 12pm PT","VIP ",3750,USD,3750,United States
84,"ROUND OF 32","1H","2J","Los Angeles Stadium","Inglewood","United States","July 2","Thursday, 12pm PT","Trophy Lounge",3150,USD,3150,United States
84,"ROUND OF 32","1H","2J","Los Angeles Stadium","Inglewood","United States","July 2","Thursday, 12pm PT","Champions Club",2750,USD,2750,United States
84,"ROUND OF 32","1H","2J","Los Angeles Stadium","Inglewood","United States","July 2","Thursday, 12pm PT","FIFA Pavilion",2500,USD,2500,United States
85,"ROUND OF 32","1B","3EFGIJ","BC Place Vancouver","Vancouver","Canada","July 2","Thursday, 8pm PT","Pitchside Lounge",6850,CAD,5000,Canada
85,"ROUND OF 32","1B","3EFGIJ","BC Place Vancouver","Vancouver","Canada","July 2","Thursday, 8pm PT","VIP ",5292,CAD,3863,Canada
85,"ROUND OF 32","1B","3EFGIJ","BC Place Vancouver","Vancouver","Canada","July 2","Thursday, 8pm PT","Lounge 1930 ",5292,CAD,3863,Canada
85,"ROUND OF 32","1B","3EFGIJ","BC Place Vancouver","Vancouver","Canada","July 2","Thursday, 8pm PT","Trophy Lounge",4840,CAD,3533,Canada
85,"ROUND OF 32","1B","3EFGIJ","BC Place Vancouver","Vancouver","Canada","July 2","Thursday, 8pm PT","Champions Club",4350,CAD,3175,Canada
85,"ROUND OF 32","1B","3EFGIJ","BC Place Vancouver","Vancouver","Canada","July 2","Thursday, 8pm PT","FIFA Pavilion",3215,CAD,2347,Canada
86,"ROUND OF 32","1J","2H","Miami Stadium","Miami Gardens","United States","July 3","Friday, 6pm ET","Pitchside Lounge",5870,USD,5870,United States
86,"ROUND OF 32","1J","2H","Miami Stadium","Miami Gardens","United States","July 3","Friday, 6pm ET","VIP ",4160,USD,4160,United States
86,"ROUND OF 32","1J","2H","Miami Stadium","Miami Gardens","United States","July 3","Friday, 6pm ET","Trophy Lounge",4020,USD,4020,United States
86,"ROUND OF 32","1J","2H","Miami Stadium","Miami Gardens","United States","July 3","Friday, 6pm ET","Champions Club",3730,USD,3730,United States
86,"ROUND OF 32","1J","2H","Miami Stadium","Miami Gardens","United States","July 3","Friday, 6pm ET","FIFA Pavilion",3170,USD,3170,United States
87,"ROUND OF 32","1K","3DEIJL","Kansas City Stadium","Kansas City","United States","July 3","Friday, 8pm CT","Pitchside Lounge",3950,USD,3950,United States
87,"ROUND OF 32","1K","3DEIJL","Kansas City Stadium","Kansas City","United States","July 3","Friday, 8pm CT","VIP ",3500,USD,3500,United States
87,"ROUND OF 32","1K","3DEIJL","Kansas City Stadium","Kansas City","United States","July 3","Friday, 8pm CT","Trophy Lounge",3025,USD,3025,United States
87,"ROUND OF 32","1K","3DEIJL","Kansas City Stadium","Kansas City","United States","July 3","Friday, 8pm CT","Champions Club",2500,USD,2500,United States
87,"ROUND OF 32","1K","3DEIJL","Kansas City Stadium","Kansas City","United States","July 3","Friday, 8pm CT","FIFA Pavilion",2050,USD,2050,United States
88,"ROUND OF 32","2D","2G","Dallas Stadium","Arlington","United States","July 3","Friday, 1pm CT","Pitchside Lounge",4250,USD,4250,United States
88,"ROUND OF 32","2D","2G","Dallas Stadium","Arlington","United States","July 3","Friday, 1pm CT","VIP ",3700,USD,3700,United States
88,"ROUND OF 32","2D","2G","Dallas Stadium","Arlington","United States","July 3","Friday, 1pm CT","Trophy Lounge",3150,USD,3150,United States
89,"ROUND OF 16","W74","W77","Philadelphia Stadium","Philadelphia","United States","July 4","Saturday, 5pm ET","Pitchside Lounge",5400,USD,5400,United States
89,"ROUND OF 16","W74","W77","Philadelphia Stadium","Philadelphia","United States","July 4","Saturday, 5pm ET","VIP ",5250,USD,5250,United States
89,"ROUND OF 16","W74","W77","Philadelphia Stadium","Philadelphia","United States","July 4","Saturday, 5pm ET","Trophy Lounge",3725,USD,3725,United States
89,"ROUND OF 16","W74","W77","Philadelphia Stadium","Philadelphia","United States","July 4","Saturday, 5pm ET","Champions Club",2950,USD,2950,United States
90,"ROUND OF 16","W73","W75","Houston Stadium","Houston","United States","July 4","Saturday, 12pm CT","Pitchside Lounge",5350,USD,5350,United States
90,"ROUND OF 16","W73","W75","Houston Stadium","Houston","United States","July 4","Saturday, 12pm CT","VIP ",4500,USD,4500,United States
90,"ROUND OF 16","W73","W75","Houston Stadium","Houston","United States","July 4","Saturday, 12pm CT","Trophy Lounge",3775,USD,3775,United States
91,"ROUND OF 16","W76","W78","New York New Jersey Stadium","East Rutherford","United States","July 5","Sunday, 4pm ET","Pitchside Lounge",6000,USD,6000,United States
91,"ROUND OF 16","W76","W78","New York New Jersey Stadium","East Rutherford","United States","July 5","Sunday, 4pm ET","VIP ",4800,USD,4800,United States
91,"ROUND OF 16","W76","W78","New York New Jersey Stadium","East Rutherford","United States","July 5","Sunday, 4pm ET","Trophy Lounge",3850,USD,3850,United States
91,"ROUND OF 16","W76","W78","New York New Jersey Stadium","East Rutherford","United States","July 5","Sunday, 4pm ET","Champions Club",3600,USD,3600,United States
91,"ROUND OF 16","W76","W78","New York New Jersey Stadium","East Rutherford","United States","July 5","Sunday, 4pm ET","FIFA Pavilion",2600,USD,2600,United States
92,"ROUND OF 16","W79","W80","Mexico City Stadium","Ciudad de México","Mexico","July 5","Sunday, 6pm CT","Pitchside Lounge",195000,MXN,11265,Mexico
92,"ROUND OF 16","W79","W80","Mexico City Stadium","Ciudad de México","Mexico","July 5","Sunday, 6pm CT","VIP ",170000,MXN,9821,Mexico
92,"ROUND OF 16","W79","W80","Mexico City Stadium","Ciudad de México","Mexico","July 5","Sunday, 6pm CT","Trophy Lounge",156000,MXN,9012,Mexico
92,"ROUND OF 16","W79","W80","Mexico City Stadium","Ciudad de México","Mexico","July 5","Sunday, 6pm CT","Champions Club",98600,MXN,5696,Mexico
92,"ROUND OF 16","W79","W80","Mexico City Stadium","Ciudad de México","Mexico","July 5","Sunday, 6pm CT","FIFA Pavilion",79500,MXN,4593,Mexico
93,"ROUND OF 16","W83","W84","Dallas Stadium","Arlington","United States","July 6","Monday, 2pm CT","Pitchside Lounge",5350,USD,5350,United States
93,"ROUND OF 16","W83","W84","Dallas Stadium","Arlington","United States","July 6","Monday, 2pm CT","VIP ",4825,USD,4825,United States
93,"ROUND OF 16","W83","W84","Dallas Stadium","Arlington","United States","July 6","Monday, 2pm CT","Trophy Lounge",3825,USD,3825,United States
94,"ROUND OF 16","W81","W82","Seattle Stadium","Seattle","United States","July 6","Monday, 5pm PT","Pitchside Lounge",5700,USD,5700,United States
94,"ROUND OF 16","W81","W82","Seattle Stadium","Seattle","United States","July 6","Monday, 5pm PT","VIP ",4950,USD,4950,United States
94,"ROUND OF 16","W81","W82","Seattle Stadium","Seattle","United States","July 6","Monday, 5pm PT","Trophy Lounge",3975,USD,3975,United States
94,"ROUND OF 16","W81","W82","Seattle Stadium","Seattle","United States","July 6","Monday, 5pm PT","Champions Club",3350,USD,3350,United States
94,"ROUND OF 16","W81","W82","Seattle Stadium","Seattle","United States","July 6","Monday, 5pm PT","FIFA Pavilion",2350,USD,2350,United States
95,"ROUND OF 16","W86","W88","Atlanta Stadium","Atlanta","United States","July 7","Tuesday, 12pm ET","Pitchside Lounge",5350,USD,5350,United States
95,"ROUND OF 16","W86","W88","Atlanta Stadium","Atlanta","United States","July 7","Tuesday, 12pm ET","VIP ",4250,USD,4250,United States
95,"ROUND OF 16","W86","W88","Atlanta Stadium","Atlanta","United States","July 7","Tuesday, 12pm ET","Trophy Lounge",3850,USD,3850,United States
95,"ROUND OF 16","W86","W88","Atlanta Stadium","Atlanta","United States","July 7","Tuesday, 12pm ET","Champions Club",2750,USD,2750,United States
96,"ROUND OF 16","W85","W87","BC Place Vancouver","Vancouver","Canada","July 7","Tuesday, 1pm PT","Pitchside Lounge",8950,CAD,6533,Canada
96,"ROUND OF 16","W85","W87","BC Place Vancouver","Vancouver","Canada","July 7","Tuesday, 1pm PT","VIP ",7300,CAD,5328,Canada
96,"ROUND OF 16","W85","W87","BC Place Vancouver","Vancouver","Canada","July 7","Tuesday, 1pm PT","Lounge 1930 ",7300,CAD,5328,Canada
96,"ROUND OF 16","W85","W87","BC Place Vancouver","Vancouver","Canada","July 7","Tuesday, 1pm PT","Trophy Lounge",6500,CAD,4745,Canada
96,"ROUND OF 16","W85","W87","BC Place Vancouver","Vancouver","Canada","July 7","Tuesday, 1pm PT","Champions Club",4800,CAD,3504,Canada
96,"ROUND OF 16","W85","W87","BC Place Vancouver","Vancouver","Canada","July 7","Tuesday, 1pm PT","FIFA Pavilion",3825,CAD,2792,Canada
97,"QUARTER-FINALS","W89","W90","Boston Stadium","Foxborough","United States","July 9","Thursday, 4pm ET","Pitchside Lounge",6150,USD,6150,United States
97,"QUARTER-FINALS","W89","W90","Boston Stadium","Foxborough","United States","July 9","Thursday, 4pm ET","VIP ",5250,USD,5250,United States
97,"QUARTER-FINALS","W89","W90","Boston Stadium","Foxborough","United States","July 9","Thursday, 4pm ET","Trophy Lounge",4925,USD,4925,United States
97,"QUARTER-FINALS","W89","W90","Boston Stadium","Foxborough","United States","July 9","Thursday, 4pm ET","Champions Club",3500,USD,3500,United States
98,"QUARTER-FINALS","W93","W94","Los Angeles Stadium","Inglewood","United States","July 10","Friday, 12pm PT","Pitchside Lounge",6850,USD,6850,United States
98,"QUARTER-FINALS","W93","W94","Los Angeles Stadium","Inglewood","United States","July 10","Friday, 12pm PT","VIP ",5950,USD,5950,United States
98,"QUARTER-FINALS","W93","W94","Los Angeles Stadium","Inglewood","United States","July 10","Friday, 12pm PT","Trophy Lounge",4800,USD,4800,United States
98,"QUARTER-FINALS","W93","W94","Los Angeles Stadium","Inglewood","United States","July 10","Friday, 12pm PT","Champions Club",4500,USD,4500,United States
98,"QUARTER-FINALS","W93","W94","Los Angeles Stadium","Inglewood","United States","July 10","Friday, 12pm PT","FIFA Pavilion",4200,USD,4200,United States
99,"QUARTER-FINALS","W91","W92","Miami Stadium","Miami Gardens","United States","July 11","Saturday, 5pm ET","Pitchside Lounge",8400,USD,8400,United States
99,"QUARTER-FINALS","W91","W92","Miami Stadium","Miami Gardens","United States","July 11","Saturday, 5pm ET","VIP ",5850,USD,5850,United States
99,"QUARTER-FINALS","W91","W92","Miami Stadium","Miami Gardens","United States","July 11","Saturday, 5pm ET","Trophy Lounge",4750,USD,4750,United States
99,"QUARTER-FINALS","W91","W92","Miami Stadium","Miami Gardens","United States","July 11","Saturday, 5pm ET","Champions Club",3900,USD,3900,United States
99,"QUARTER-FINALS","W91","W92","Miami Stadium","Miami Gardens","United States","July 11","Saturday, 5pm ET","FIFA Pavilion",3000,USD,3000,United States
100,"QUARTER-FINALS","W95","W96","Kansas City Stadium","Kansas City","United States","July 11","Saturday, 8pm CT","Pitchside Lounge",6450,USD,6450,United States
100,"QUARTER-FINALS","W95","W96","Kansas City Stadium","Kansas City","United States","July 11","Saturday, 8pm CT","VIP ",5550,USD,5550,United States
100,"QUARTER-FINALS","W95","W96","Kansas City Stadium","Kansas City","United States","July 11","Saturday, 8pm CT","Trophy Lounge",4700,USD,4700,United States
100,"QUARTER-FINALS","W95","W96","Kansas City Stadium","Kansas City","United States","July 11","Saturday, 8pm CT","Champions Club",3825,USD,3825,United States
100,"QUARTER-FINALS","W95","W96","Kansas City Stadium","Kansas City","United States","July 11","Saturday, 8pm CT","FIFA Pavilion",2900,USD,2900,United States
101,"SEMI-FINALS","W97","W98","Dallas Stadium","Arlington","United States","July 14","Tuesday, 2pm CT","Pitchside Lounge",12700,USD,12700,United States
101,"SEMI-FINALS","W97","W98","Dallas Stadium","Arlington","United States","July 14","Tuesday, 2pm CT","VIP ",10925,USD,10925,United States
101,"SEMI-FINALS","W97","W98","Dallas Stadium","Arlington","United States","July 14","Tuesday, 2pm CT","Trophy Lounge",8200,USD,8200,United States
102,"SEMI-FINALS","W99","W100","Atlanta Stadium","Atlanta","United States","July 15","Wednesday, 3pm ET","Pitchside Lounge",12100,USD,12100,United States
102,"SEMI-FINALS","W99","W100","Atlanta Stadium","Atlanta","United States","July 15","Wednesday, 3pm ET","VIP ",9950,USD,9950,United States
102,"SEMI-FINALS","W99","W100","Atlanta Stadium","Atlanta","United States","July 15","Wednesday, 3pm ET","Trophy Lounge",8100,USD,8100,United States
102,"SEMI-FINALS","W99","W100","Atlanta Stadium","Atlanta","United States","July 15","Wednesday, 3pm ET","Champions Club",6750,USD,6750,United States
103,"BRONZE FINAL","BRONZE","FIXTURE","Miami Stadium","Miami Gardens","United States","July 18","Saturday, 5pm ET","Pitchside Lounge",4400,USD,4400,United States
103,"BRONZE FINAL","BRONZE","FIXTURE","Miami Stadium","Miami Gardens","United States","July 18","Saturday, 5pm ET","VIP ",3600,USD,3600,United States
103,"BRONZE FINAL","BRONZE","FIXTURE","Miami Stadium","Miami Gardens","United States","July 18","Saturday, 5pm ET","Trophy Lounge",3150,USD,3150,United States
103,"BRONZE FINAL","BRONZE","FIXTURE","Miami Stadium","Miami Gardens","United States","July 18","Saturday, 5pm ET","Champions Club",2400,USD,2400,United States
103,"BRONZE FINAL","BRONZE","FIXTURE","Miami Stadium","Miami Gardens","United States","July 18","Saturday, 5pm ET","FIFA Pavilion",1950,USD,1950,United States