Match Number,Host Team,Away Team,Venue,City,Country,Date,Time,Lounge Type,Price USD
22,"England","Croatia","Dallas Stadium","Arlington","United States","June 17","Wednesday, 3pm CT","Pitchside Lounge",3450
22,"England","Croatia","Dallas Stadium","Arlington","United States","June 17","Wednesday, 3pm CT","VIP ",3000
22,"England","Croatia","Dallas Stadium","Arlington","United States","June 17","Wednesday, 3pm CT","Trophy Lounge",2500
20,"Austria","Jordan","San Francisco Bay Area Stadium","Santa Clara","United States","June 16","Tuesday, 9pm PT","Pitchside Lounge",3200
20,"Austria","Jordan","San Francisco Bay Area Stadium","Santa Clara","United States","June 16","Tuesday, 9pm PT","VIP ",2800
20,"Austria","Jordan","San Francisco Bay Area Stadium","Santa Clara","United States","June 16","Tuesday, 9pm PT","Trophy Lounge",2250
20,"Austria","Jordan","San Francisco Bay Area Stadium","Santa Clara","United States","June 16","Tuesday, 9pm PT","Champions Club",2000
18,"FIFA Play-Off 2","Norway","Boston Stadium","Foxborough","United States","June 16","Tuesday, 6pm ET","Pitchside Lounge",3150
18,"FIFA Play-Off 2","Norway","Boston Stadium","Foxborough","United States","June 16","Tuesday, 6pm ET","VIP ",2900
18,"FIFA Play-Off 2","Norway","Boston Stadium","Foxborough","United States","June 16","Tuesday, 6pm ET","Trophy Lounge",2225
18,"FIFA Play-Off 2","Norway","Boston Stadium","Foxborough","United States","June 16","Tuesday, 6pm ET","Champions Club",2000
26,"Switzerland","European Play-Off A","Los Angeles Stadium","Inglewood","United States","June 18","Thursday, 12pm PT","Pitchside Lounge",3400
26,"Switzerland","European Play-Off A","Los Angeles Stadium","Inglewood","United States","June 18","Thursday, 12pm PT","VIP ",3000
26,"Switzerland","European Play-Off A","Los Angeles Stadium","Inglewood","United States","June 18","Thursday, 12pm PT","Trophy Lounge",2500
26,"Switzerland","European Play-Off A","Los Angeles Stadium","Inglewood","United States","June 18","Thursday, 12pm PT","Champions Club",2200
26,"Switzerland","European Play-Off A","Los Angeles Stadium","Inglewood","United States","June 18","Thursday, 12pm PT","FIFA Pavilion",1510
29,"Brazil","Haiti","Philadelphia Stadium","Philadelphia","United States","June 19","Friday, 9pm ET","Pitchside Lounge",3300
29,"Brazil","Haiti","Philadelphia Stadium","Philadelphia","United States","June 19","Friday, 9pm ET","VIP ",2800
29,"Brazil","Haiti","Philadelphia Stadium","Philadelphia","United States","June 19","Friday, 9pm ET","Trophy Lounge",2490
29,"Brazil","Haiti","Philadelphia Stadium","Philadelphia","United States","June 19","Friday, 9pm ET","Champions Club",2310
23,"Portugal","FIFA Play-Off 1","Houston Stadium","Houston","United States","June 17","Wednesday, 12pm CT","Pitchside Lounge",3200
23,"Portugal","FIFA Play-Off 1","Houston Stadium","Houston","United States","June 17","Wednesday, 12pm CT","VIP ",2700
23,"Portugal","FIFA Play-Off 1","Houston Stadium","Houston","United States","June 17","Wednesday, 12pm CT","Trophy Lounge",2475
25,"European Play-Off D","South Africa","Atlanta Stadium","Atlanta","United States","June 18","Thursday, 12pm ET","Pitchside Lounge",3350
25,"European Play-Off D","South Africa","Atlanta Stadium","Atlanta","United States","June 18","Thursday, 12pm ET","VIP ",2800
25,"European Play-Off D","South Africa","Atlanta Stadium","Atlanta","United States","June 18","Thursday, 12pm ET","Trophy Lounge",2300
25,"European Play-Off D","South Africa","Atlanta Stadium","Atlanta","United States","June 18","Thursday, 12pm ET","Champions Club",2000
34,"Ecuador","Curaçao","Kansas City Stadium","Kansas City","United States","June 20","Saturday, 7pm CT","Pitchside Lounge",3350
34,"Ecuador","Curaçao","Kansas City Stadium","Kansas City","United States","June 20","Saturday, 7pm CT","VIP ",2850
34,"Ecuador","Curaçao","Kansas City Stadium","Kansas City","United States","June 20","Saturday, 7pm CT","Trophy Lounge",2400
34,"Ecuador","Curaçao","Kansas City Stadium","Kansas City","United States","June 20","Saturday, 7pm CT","Champions Club",2050
34,"Ecuador","Curaçao","Kansas City Stadium","Kansas City","United States","June 20","Saturday, 7pm CT","FIFA Pavilion",1475
30,"Scotland","Morocco","Boston Stadium","Foxborough","United States","June 19","Friday, 6pm ET","Pitchside Lounge",3350
30,"Scotland","Morocco","Boston Stadium","Foxborough","United States","June 19","Friday, 6pm ET","VIP ",2850
30,"Scotland","Morocco","Boston Stadium","Foxborough","United States","June 19","Friday, 6pm ET","Trophy Lounge",2350
30,"Scotland","Morocco","Boston Stadium","Foxborough","United States","June 19","Friday, 6pm ET","Champions Club",2050
31,"European Play-Off C","Paraguay","San Francisco Bay Area Stadium","Santa Clara","United States","June 19","Friday, 9pm PT","Pitchside Lounge",3400
31,"European Play-Off C","Paraguay","San Francisco Bay Area Stadium","Santa Clara","United States","June 19","Friday, 9pm PT","VIP ",2900
31,"European Play-Off C","Paraguay","San Francisco Bay Area Stadium","Santa Clara","United States","June 19","Friday, 9pm PT","Trophy Lounge",2375
31,"European Play-Off C","Paraguay","San Francisco Bay Area Stadium","Santa Clara","United States","June 19","Friday, 9pm PT","Champions Club",2100
9,"Côte d'Ivoire","Ecuador","Philadelphia Stadium","Philadelphia","United States","June 14","Sunday, 7pm ET","Pitchside Lounge",3300
9,"Côte d'Ivoire","Ecuador","Philadelphia Stadium","Philadelphia","United States","June 14","Sunday, 7pm ET","VIP ",2800
9,"Côte d'Ivoire","Ecuador","Philadelphia Stadium","Philadelphia","United States","June 14","Sunday, 7pm ET","Trophy Lounge",2375
9,"Côte d'Ivoire","Ecuador","Philadelphia Stadium","Philadelphia","United States","June 14","Sunday, 7pm ET","Champions Club",2000
10,"Germany","Curaçao","Houston Stadium","Houston","United States","June 14","Sunday, 12pm CT","Pitchside Lounge",3300
10,"Germany","Curaçao","Houston Stadium","Houston","United States","June 14","Sunday, 12pm CT","VIP ",2800
10,"Germany","Curaçao","Houston Stadium","Houston","United States","June 14","Sunday, 12pm CT","Trophy Lounge",2480
35,"Netherlands","European Play-Off B","Houston Stadium","Houston","United States","June 20","Saturday, 12pm CT","Pitchside Lounge",3300
35,"Netherlands","European Play-Off B","Houston Stadium","Houston","United States","June 20","Saturday, 12pm CT","VIP ",2800
35,"Netherlands","European Play-Off B","Houston Stadium","Houston","United States","June 20","Saturday, 12pm CT","Trophy Lounge",2480
8,"Qatar","Switzerland","San Francisco Bay Area Stadium","Santa Clara","United States","June 13","Saturday, 12pm PT","Pitchside Lounge",3400
8,"Qatar","Switzerland","San Francisco Bay Area Stadium","Santa Clara","United States","June 13","Saturday, 12pm PT","VIP ",2900
8,"Qatar","Switzerland","San Francisco Bay Area Stadium","Santa Clara","United States","June 13","Saturday, 12pm PT","Trophy Lounge",2375
8,"Qatar","Switzerland","San Francisco Bay Area Stadium","Santa Clara","United States","June 13","Saturday, 12pm PT","Champions Club",2100
14,"Spain","Cabo Verde","Atlanta Stadium","Atlanta","United States","June 15","Monday, 12pm ET","Pitchside Lounge",3350
14,"Spain","Cabo Verde","Atlanta Stadium","Atlanta","United States","June 15","Monday, 12pm ET","VIP ",2850
14,"Spain","Cabo Verde","Atlanta Stadium","Atlanta","United States","June 15","Monday, 12pm ET","Trophy Lounge",2500
14,"Spain","Cabo Verde","Atlanta Stadium","Atlanta","United States","June 15","Monday, 12pm ET","Champions Club",2050
15,"IR Iran","New Zealand","Los Angeles Stadium","Inglewood","United States","June 15","Monday, 6pm PT","Pitchside Lounge",3350
15,"IR Iran","New Zealand","Los Angeles Stadium","Inglewood","United States","June 15","Monday, 6pm PT","VIP ",2950
15,"IR Iran","New Zealand","Los Angeles Stadium","Inglewood","United States","June 15","Monday, 6pm PT","Trophy Lounge",2500
15,"IR Iran","New Zealand","Los Angeles Stadium","Inglewood","United States","June 15","Monday, 6pm PT","Champions Club",2150
15,"IR Iran","New Zealand","Los Angeles Stadium","Inglewood","United States","June 15","Monday, 6pm PT","FIFA Pavilion",1400
11,"Netherlands","Japan","Dallas Stadium","Arlington","United States","June 14","Sunday, 3pm CT","Pitchside Lounge",3500
11,"Netherlands","Japan","Dallas Stadium","Arlington","United States","June 14","Sunday, 3pm CT","VIP ",3000
11,"Netherlands","Japan","Dallas Stadium","Arlington","United States","June 14","Sunday, 3pm CT","Trophy Lounge",2475
13,"Saudi Arabia","Uruguay","Miami Stadium","Miami Gardens","United States","June 15","Monday, 6pm ET","Pitchside Lounge",3520
13,"Saudi Arabia","Uruguay","Miami Stadium","Miami Gardens","United States","June 15","Monday, 6pm ET","VIP ",2800
13,"Saudi Arabia","Uruguay","Miami Stadium","Miami Gardens","United States","June 15","Monday, 6pm ET","Trophy Lounge",2350
13,"Saudi Arabia","Uruguay","Miami Stadium","Miami Gardens","United States","June 15","Monday, 6pm ET","Champions Club",2000
13,"Saudi Arabia","Uruguay","Miami Stadium","Miami Gardens","United States","June 15","Monday, 6pm ET","FIFA Pavilion",1750
19,"Argentina","Algeria","Kansas City Stadium","Kansas City","United States","June 16","Tuesday, 8pm CT","Pitchside Lounge",3150
19,"Argentina","Algeria","Kansas City Stadium","Kansas City","United States","June 16","Tuesday, 8pm CT","VIP ",2740
19,"Argentina","Algeria","Kansas City Stadium","Kansas City","United States","June 16","Tuesday, 8pm CT","Trophy Lounge",2540
19,"Argentina","Algeria","Kansas City Stadium","Kansas City","United States","June 16","Tuesday, 8pm CT","Champions Club",2310
19,"Argentina","Algeria","Kansas City Stadium","Kansas City","United States","June 16","Tuesday, 8pm CT","FIFA Pavilion",2000
16,"Belgium","Egypt","Seattle Stadium","Seattle","United States","June 15","Monday, 12pm PT","Pitchside Lounge",4750
16,"Belgium","Egypt","Seattle Stadium","Seattle","United States","June 15","Monday, 12pm PT","VIP ",4250
16,"Belgium","Egypt","Seattle Stadium","Seattle","United States","June 15","Monday, 12pm PT","Trophy Lounge",2690
16,"Belgium","Egypt","Seattle Stadium","Seattle","United States","June 15","Monday, 12pm PT","Champions Club",2250
16,"Belgium","Egypt","Seattle Stadium","Seattle","United States","June 15","Monday, 12pm PT","FIFA Pavilion",1575
17,"France","Senegal","New York New Jersey Stadium","East Rutherford","United States","June 16","Tuesday, 3pm ET","Pitchside Lounge",4200
17,"France","Senegal","New York New Jersey Stadium","East Rutherford","United States","June 16","Tuesday, 3pm ET","VIP ",3400
17,"France","Senegal","New York New Jersey Stadium","East Rutherford","United States","June 16","Tuesday, 3pm ET","Trophy Lounge",3200
17,"France","Senegal","New York New Jersey Stadium","East Rutherford","United States","June 16","Tuesday, 3pm ET","Champions Club",2900
17,"France","Senegal","New York New Jersey Stadium","East Rutherford","United States","June 16","Tuesday, 3pm ET","FIFA Pavilion",2300
5,"Haiti","Scotland","Boston Stadium","Foxborough","United States","June 13","Saturday, 9pm ET","Pitchside Lounge",3900
5,"Haiti","Scotland","Boston Stadium","Foxborough","United States","June 13","Saturday, 9pm ET","VIP ",3000
5,"Haiti","Scotland","Boston Stadium","Foxborough","United States","June 13","Saturday, 9pm ET","Trophy Lounge",2400
5,"Haiti","Scotland","Boston Stadium","Foxborough","United States","June 13","Saturday, 9pm ET","Champions Club",2200
38,"Spain","Saudi Arabia","Atlanta Stadium","Atlanta","United States","June 21","Sunday, 12pm ET","Pitchside Lounge",3500
38,"Spain","Saudi Arabia","Atlanta Stadium","Atlanta","United States","June 21","Sunday, 12pm ET","VIP ",2950
38,"Spain","Saudi Arabia","Atlanta Stadium","Atlanta","United States","June 21","Sunday, 12pm ET","Trophy Lounge",2640
38,"Spain","Saudi Arabia","Atlanta Stadium","Atlanta","United States","June 21","Sunday, 12pm ET","Champions Club",2150
39,"Belgium","IR Iran","Los Angeles Stadium","Inglewood","United States","June 21","Sunday, 12pm PT","Pitchside Lounge",3600
39,"Belgium","IR Iran","Los Angeles Stadium","Inglewood","United States","June 21","Sunday, 12pm PT","VIP ",3100
39,"Belgium","IR Iran","Los Angeles Stadium","Inglewood","United States","June 21","Sunday, 12pm PT","Trophy Lounge",2625
39,"Belgium","IR Iran","Los Angeles Stadium","Inglewood","United States","June 21","Sunday, 12pm PT","Champions Club",2300
39,"Belgium","IR Iran","Los Angeles Stadium","Inglewood","United States","June 21","Sunday, 12pm PT","FIFA Pavilion",1475
7,"Brazil","Morocco","New York New Jersey Stadium","East Rutherford","United States","June 13","Saturday, 6pm ET","Pitchside Lounge",6300
7,"Brazil","Morocco","New York New Jersey Stadium","East Rutherford","United States","June 13","Saturday, 6pm ET","VIP ",4500
7,"Brazil","Morocco","New York New Jersey Stadium","East Rutherford","United States","June 13","Saturday, 6pm ET","Trophy Lounge",3700
7,"Brazil","Morocco","New York New Jersey Stadium","East Rutherford","United States","June 13","Saturday, 6pm ET","Champions Club",3400
7,"Brazil","Morocco","New York New Jersey Stadium","East Rutherford","United States","June 13","Saturday, 6pm ET","FIFA Pavilion",2900
37,"Uruguay","Cabo Verde","Miami Stadium","Miami Gardens","United States","June 21","Sunday, 6pm ET","Pitchside Lounge",3940
37,"Uruguay","Cabo Verde","Miami Stadium","Miami Gardens","United States","June 21","Sunday, 6pm ET","VIP ",3000
37,"Uruguay","Cabo Verde","Miami Stadium","Miami Gardens","United States","June 21","Sunday, 6pm ET","Trophy Lounge",2475
37,"Uruguay","Cabo Verde","Miami Stadium","Miami Gardens","United States","June 21","Sunday, 6pm ET","Champions Club",2100
37,"Uruguay","Cabo Verde","Miami Stadium","Miami Gardens","United States","June 21","Sunday, 6pm ET","FIFA Pavilion",1825
43,"Argentina","Austria","Dallas Stadium","Arlington","United States","June 22","Monday, 12pm CT","Pitchside Lounge",3450
43,"Argentina","Austria","Dallas Stadium","Arlington","United States","June 22","Monday, 12pm CT","VIP ",3000
43,"Argentina","Austria","Dallas Stadium","Arlington","United States","June 22","Monday, 12pm CT","Trophy Lounge",2500
44,"Jordan","Algeria","San Francisco Bay Area Stadium","Santa Clara","United States","June 22","Monday, 8pm PT","Pitchside Lounge",3200
44,"Jordan","Algeria","San Francisco Bay Area Stadium","Santa Clara","United States","June 22","Monday, 8pm PT","VIP ",2800
44,"Jordan","Algeria","San Francisco Bay Area Stadium","Santa Clara","United States","June 22","Monday, 8pm PT","Trophy Lounge",2250
44,"Jordan","Algeria","San Francisco Bay Area Stadium","Santa Clara","United States","June 22","Monday, 8pm PT","Champions Club",2000
41,"Norway","Senegal","New York New Jersey Stadium","East Rutherford","United States","June 22","Monday, 8pm ET","Pitchside Lounge",3500
41,"Norway","Senegal","New York New Jersey Stadium","East Rutherford","United States","June 22","Monday, 8pm ET","VIP ",3200
41,"Norway","Senegal","New York New Jersey Stadium","East Rutherford","United States","June 22","Monday, 8pm ET","Trophy Lounge",3000
41,"Norway","Senegal","New York New Jersey Stadium","East Rutherford","United States","June 22","Monday, 8pm ET","Champions Club",2800
41,"Norway","Senegal","New York New Jersey Stadium","East Rutherford","United States","June 22","Monday, 8pm ET","FIFA Pavilion",1800
42,"France","FIFA Play-Off 2","Philadelphia Stadium","Philadelphia","United States","June 22","Monday, 5pm ET","Pitchside Lounge",3200
42,"France","FIFA Play-Off 2","Philadelphia Stadium","Philadelphia","United States","June 22","Monday, 5pm ET","VIP ",2700
42,"France","FIFA Play-Off 2","Philadelphia Stadium","Philadelphia","United States","June 22","Monday, 5pm ET","Trophy Lounge",2320
42,"France","FIFA Play-Off 2","Philadelphia Stadium","Philadelphia","United States","June 22","Monday, 5pm ET","Champions Club",2050
49,"Scotland","Brazil","Miami Stadium","Miami Gardens","United States","June 24","Wednesday, 6pm ET","Pitchside Lounge",5500
49,"Scotland","Brazil","Miami Stadium","Miami Gardens","United States","June 24","Wednesday, 6pm ET","VIP ",3700
49,"Scotland","Brazil","Miami Stadium","Miami Gardens","United States","June 24","Wednesday, 6pm ET","Trophy Lounge",3400
49,"Scotland","Brazil","Miami Stadium","Miami Gardens","United States","June 24","Wednesday, 6pm ET","Champions Club",3000
49,"Scotland","Brazil","Miami Stadium","Miami Gardens","United States","June 24","Wednesday, 6pm ET","FIFA Pavilion",2600
50,"Morocco","Haiti","Atlanta Stadium","Atlanta","United States","June 24","Wednesday, 6pm ET","Pitchside Lounge",3350
50,"Morocco","Haiti","Atlanta Stadium","Atlanta","United States","June 24","Wednesday, 6pm ET","VIP ",2850
50,"Morocco","Haiti","Atlanta Stadium","Atlanta","United States","June 24","Wednesday, 6pm ET","Trophy Lounge",2275
50,"Morocco","Haiti","Atlanta Stadium","Atlanta","United States","June 24","Wednesday, 6pm ET","Champions Club",2050
45,"England","Ghana","Boston Stadium","Foxborough","United States","June 23","Tuesday, 4pm ET","Pitchside Lounge",3200
45,"England","Ghana","Boston Stadium","Foxborough","United States","June 23","Tuesday, 4pm ET","VIP ",2700
45,"England","Ghana","Boston Stadium","Foxborough","United States","June 23","Tuesday, 4pm ET","Trophy Lounge",2490
45,"England","Ghana","Boston Stadium","Foxborough","United States","June 23","Tuesday, 4pm ET","Champions Club",2310
47,"Portugal","Uzbekistan","Houston Stadium","Houston","United States","June 23","Tuesday, 12pm CT","Pitchside Lounge",3200
47,"Portugal","Uzbekistan","Houston Stadium","Houston","United States","June 23","Tuesday, 12pm CT","VIP ",2710
47,"Portugal","Uzbekistan","Houston Stadium","Houston","United States","June 23","Tuesday, 12pm CT","Trophy Lounge",2510
56,"Ecuador","Germany","New York New Jersey Stadium","East Rutherford","United States","June 25","Thursday, 4pm ET","Pitchside Lounge",4100
56,"Ecuador","Germany","New York New Jersey Stadium","East Rutherford","United States","June 25","Thursday, 4pm ET","VIP ",3400
56,"Ecuador","Germany","New York New Jersey Stadium","East Rutherford","United States","June 25","Thursday, 4pm ET","Trophy Lounge",3200
56,"Ecuador","Germany","New York New Jersey Stadium","East Rutherford","United States","June 25","Thursday, 4pm ET","Champions Club",3000
56,"Ecuador","Germany","New York New Jersey Stadium","East Rutherford","United States","June 25","Thursday, 4pm ET","FIFA Pavilion",2100
57,"Japan","European Play-Off B","Dallas Stadium","Arlington","United States","June 25","Thursday, 6pm CT","Pitchside Lounge",3450
57,"Japan","European Play-Off B","Dallas Stadium","Arlington","United States","June 25","Thursday, 6pm CT","VIP ",3000
57,"Japan","European Play-Off B","Dallas Stadium","Arlington","United States","June 25","Thursday, 6pm CT","Trophy Lounge",2350
52,"European Play-Off A","Qatar","Seattle Stadium","Seattle","United States","June 24","Wednesday, 12pm PT","Pitchside Lounge",4550
52,"European Play-Off A","Qatar","Seattle Stadium","Seattle","United States","June 24","Wednesday, 12pm PT","VIP ",3850
52,"European Play-Off A","Qatar","Seattle Stadium","Seattle","United States","June 24","Wednesday, 12pm PT","Trophy Lounge",2875
52,"European Play-Off A","Qatar","Seattle Stadium","Seattle","United States","June 24","Wednesday, 12pm PT","Champions Club",2000
52,"European Play-Off A","Qatar","Seattle Stadium","Seattle","United States","June 24","Wednesday, 12pm PT","FIFA Pavilion",1575
55,"Curaçao","Côte d'Ivoire","Philadelphia Stadium","Philadelphia","United States","June 25","Thursday, 4pm ET","Pitchside Lounge",3200
55,"Curaçao","Côte d'Ivoire","Philadelphia Stadium","Philadelphia","United States","June 25","Thursday, 4pm ET","VIP ",2700
55,"Curaçao","Côte d'Ivoire","Philadelphia Stadium","Philadelphia","United States","June 25","Thursday, 4pm ET","Trophy Lounge",2250
55,"Curaçao","Côte d'Ivoire","Philadelphia Stadium","Philadelphia","United States","June 25","Thursday, 4pm ET","Champions Club",1950
60,"Paraguay","Australia","San Francisco Bay Area Stadium","Santa Clara","United States","June 25","Thursday, 7pm PT","Pitchside Lounge",3200
60,"Paraguay","Australia","San Francisco Bay Area Stadium","Santa Clara","United States","June 25","Thursday, 7pm PT","VIP ",2800
60,"Paraguay","Australia","San Francisco Bay Area Stadium","Santa Clara","United States","June 25","Thursday, 7pm PT","Trophy Lounge",2250
60,"Paraguay","Australia","San Francisco Bay Area Stadium","Santa Clara","United States","June 25","Thursday, 7pm PT","Champions Club",2000
61,"Norway","France","Boston Stadium","Foxborough","United States","June 26","Friday, 3pm ET","Pitchside Lounge",3900
61,"Norway","France","Boston Stadium","Foxborough","United States","June 26","Friday, 3pm ET","VIP ",3300
61,"Norway","France","Boston Stadium","Foxborough","United States","June 26","Friday, 3pm ET","Trophy Lounge",2700
61,"Norway","France","Boston Stadium","Foxborough","United States","June 26","Friday, 3pm ET","Champions Club",2500
58,"Tunisia","Netherlands","Kansas City Stadium","Kansas City","United States","June 25","Thursday, 6pm CT","Pitchside Lounge",3150
58,"Tunisia","Netherlands","Kansas City Stadium","Kansas City","United States","June 25","Thursday, 6pm CT","VIP ",2700
58,"Tunisia","Netherlands","Kansas City Stadium","Kansas City","United States","June 25","Thursday, 6pm CT","Trophy Lounge",2310
58,"Tunisia","Netherlands","Kansas City Stadium","Kansas City","United States","June 25","Thursday, 6pm CT","Champions Club",2100
58,"Tunisia","Netherlands","Kansas City Stadium","Kansas City","United States","June 25","Thursday, 6pm CT","FIFA Pavilion",1400
67,"Panama","England","New York New Jersey Stadium","East Rutherford","United States","June 27","Saturday, 5pm ET","Pitchside Lounge",4200
67,"Panama","England","New York New Jersey Stadium","East Rutherford","United States","June 27","Saturday, 5pm ET","VIP ",3500
67,"Panama","England","New York New Jersey Stadium","East Rutherford","United States","June 27","Saturday, 5pm ET","Trophy Lounge",3300
67,"Panama","England","New York New Jersey Stadium","East Rutherford","United States","June 27","Saturday, 5pm ET","Champions Club",3000
67,"Panama","England","New York New Jersey Stadium","East Rutherford","United States","June 27","Saturday, 5pm ET","FIFA Pavilion",2400
68,"Croatia","Ghana","Philadelphia Stadium","Philadelphia","United States","June 27","Saturday, 5pm ET","Pitchside Lounge",3300
68,"Croatia","Ghana","Philadelphia Stadium","Philadelphia","United States","June 27","Saturday, 5pm ET","VIP ",2800
68,"Croatia","Ghana","Philadelphia Stadium","Philadelphia","United States","June 27","Saturday, 5pm ET","Trophy Lounge",2375
68,"Croatia","Ghana","Philadelphia Stadium","Philadelphia","United States","June 27","Saturday, 5pm ET","Champions Club",2000
63,"Egypt","IR Iran","Seattle Stadium","Seattle","United States","June 26","Friday, 8pm PT","Pitchside Lounge",4300
63,"Egypt","IR Iran","Seattle Stadium","Seattle","United States","June 26","Friday, 8pm PT","VIP ",3600
63,"Egypt","IR Iran","Seattle Stadium","Seattle","United States","June 26","Friday, 8pm PT","Trophy Lounge",2500
63,"Egypt","IR Iran","Seattle Stadium","Seattle","United States","June 26","Friday, 8pm PT","Champions Club",2100
63,"Egypt","IR Iran","Seattle Stadium","Seattle","United States","June 26","Friday, 8pm PT","FIFA Pavilion",1525
65,"Cabo Verde","Saudi Arabia","Houston Stadium","Houston","United States","June 26","Friday, 7pm CT","Pitchside Lounge",3300
65,"Cabo Verde","Saudi Arabia","Houston Stadium","Houston","United States","June 26","Friday, 7pm CT","VIP ",2800
65,"Cabo Verde","Saudi Arabia","Houston Stadium","Houston","United States","June 26","Friday, 7pm CT","Trophy Lounge",2430
70,"Jordan","Argentina","Dallas Stadium","Arlington","United States","June 27","Saturday, 9pm CT","Pitchside Lounge",3795
70,"Jordan","Argentina","Dallas Stadium","Arlington","United States","June 27","Saturday, 9pm CT","VIP ",3595
70,"Jordan","Argentina","Dallas Stadium","Arlington","United States","June 27","Saturday, 9pm CT","Trophy Lounge",2490
71,"Colombia","Portugal","Miami Stadium","Miami Gardens","United States","June 27","Saturday, 7pm ET","Pitchside Lounge",7200
71,"Colombia","Portugal","Miami Stadium","Miami Gardens","United States","June 27","Saturday, 7pm ET","VIP ",4420
71,"Colombia","Portugal","Miami Stadium","Miami Gardens","United States","June 27","Saturday, 7pm ET","Trophy Lounge",3800
71,"Colombia","Portugal","Miami Stadium","Miami Gardens","United States","June 27","Saturday, 7pm ET","Champions Club",3220
71,"Colombia","Portugal","Miami Stadium","Miami Gardens","United States","June 27","Saturday, 7pm ET","FIFA Pavilion",2800
69,"Algeria","Austria","Kansas City Stadium","Kansas City","United States","June 27","Saturday, 9pm CT","Pitchside Lounge",3350
69,"Algeria","Austria","Kansas City Stadium","Kansas City","United States","June 27","Saturday, 9pm CT","VIP ",2850
69,"Algeria","Austria","Kansas City Stadium","Kansas City","United States","June 27","Saturday, 9pm CT","Trophy Lounge",2400
69,"Algeria","Austria","Kansas City Stadium","Kansas City","United States","June 27","Saturday, 9pm CT","Champions Club",2050
69,"Algeria","Austria","Kansas City Stadium","Kansas City","United States","June 27","Saturday, 9pm CT","FIFA Pavilion",1475
72,"FIFA Play-Off 1","Uzbekistan","Atlanta Stadium","Atlanta","United States","June 27","Saturday, 7pm ET","Pitchside Lounge",3500
72,"FIFA Play-Off 1","Uzbekistan","Atlanta Stadium","Atlanta","United States","June 27","Saturday, 7pm ET","VIP ",2950
72,"FIFA Play-Off 1","Uzbekistan","Atlanta Stadium","Atlanta","United States","June 27","Saturday, 7pm ET","Trophy Lounge",2400
72,"FIFA Play-Off 1","Uzbekistan","Atlanta Stadium","Atlanta","United States","June 27","Saturday, 7pm ET","Champions Club",2150