Match Number,Host Team,Away Team,Venue,City,Country,Date,Time,Lounge Type,Price,Currency,Portal
22,"England","Croatia","Dallas Stadium","Arlington","United States","June 17","Wednesday, 3pm CT","Pitchside Lounge",3450,USD,United States
22,"England","Croatia","Dallas Stadium","Arlington","United States","June 17","Wednesday, 3pm CT","VIP ",3000,USD,United States
22,"England","Croatia","Dallas Stadium","Arlington","United States","June 17","Wednesday, 3pm CT","Trophy Lounge",2500,USD,United States
20,"Austria","Jordan","San Francisco Bay Area Stadium","Santa Clara","United States","June 16","Tuesday, 9pm PT","Pitchside Lounge",3200,USD,United States
20,"Austria","Jordan","San Francisco Bay Area Stadium","Santa Clara","United States","June 16","Tuesday, 9pm PT","VIP ",2800,USD,United States
20,"Austria","Jordan","San Francisco Bay Area Stadium","Santa Clara","United States","June 16","Tuesday, 9pm PT","Trophy Lounge",2250,USD,United States
20,"Austria","Jordan","San Francisco Bay Area Stadium","Santa Clara","United States","June 16","Tuesday, 9pm PT","Champions Club",2000,USD,United States
18,"FIFA Play-Off 2","Norway","Boston Stadium","Foxborough","United States","June 16","Tuesday, 6pm ET","Pitchside Lounge",3150,USD,United States
18,"FIFA Play-Off 2","Norway","Boston Stadium","Foxborough","United States","June 16","Tuesday, 6pm ET","VIP ",2900,USD,United States
18,"FIFA Play-Off 2","Norway","Boston Stadium","Foxborough","United States","June 16","Tuesday, 6pm ET","Trophy Lounge",2225,USD,United States
18,"FIFA Play-Off 2","Norway","Boston Stadium","Foxborough","United States","June 16","Tuesday, 6pm ET","Champions Club",2000,USD,United States
26,"Switzerland","European Play-Off A","Los Angeles Stadium","Inglewood","United States","June 18","Thursday, 12pm PT","Pitchside Lounge",3400,USD,United States
26,"Switzerland","European Play-Off A","Los Angeles Stadium","Inglewood","United States","June 18","Thursday, 12pm PT","VIP ",3000,USD,United States
26,"Switzerland","European Play-Off A","Los Angeles Stadium","Inglewood","United States","June 18","Thursday, 12pm PT","Trophy Lounge",2500,USD,United States
26,"Switzerland","European Play-Off A","Los Angeles Stadium","Inglewood","United States","June 18","Thursday, 12pm PT","Champions Club",2200,USD,United States
26,"Switzerland","European Play-Off A","Los Angeles Stadium","Inglewood","United States","June 18","Thursday, 12pm PT","FIFA Pavilion",1510,USD,United States
29,"Brazil","Haiti","Philadelphia Stadium","Philadelphia","United States","June 19","Friday, 9pm ET","Pitchside Lounge",3300,USD,United States
29,"Brazil","Haiti","Philadelphia Stadium","Philadelphia","United States","June 19","Friday, 9pm ET","VIP ",2800,USD,United States
29,"Brazil","Haiti","Philadelphia Stadium","Philadelphia","United States","June 19","Friday, 9pm ET","Trophy Lounge",2490,USD,United States
29,"Brazil","Haiti","Philadelphia Stadium","Philadelphia","United States","June 19","Friday, 9pm ET","Champions Club",2310,USD,United States
23,"Portugal","FIFA Play-Off 1","Houston Stadium","Houston","United States","June 17","Wednesday, 12pm CT","Pitchside Lounge",3200,USD,United States
23,"Portugal","FIFA Play-Off 1","Houston Stadium","Houston","United States","June 17","Wednesday, 12pm CT","VIP ",2700,USD,United States
23,"Portugal","FIFA Play-Off 1","Houston Stadium","Houston","United States","June 17","Wednesday, 12pm CT","Trophy Lounge",2475,USD,United States
25,"European Play-Off D","South Africa","Atlanta Stadium","Atlanta","United States","June 18","Thursday, 12pm ET","Pitchside Lounge",3350,USD,United States
25,"European Play-Off D","South Africa","Atlanta Stadium","Atlanta","United States","June 18","Thursday, 12pm ET","VIP ",2800,USD,United States
25,"European Play-Off D","South Africa","Atlanta Stadium","Atlanta","United States","June 18","Thursday, 12pm ET","Trophy Lounge",2300,USD,United States
25,"European Play-Off D","South Africa","Atlanta Stadium","Atlanta","United States","June 18","Thursday, 12pm ET","Champions Club",2000,USD,United States
34,"Ecuador","Curaçao","Kansas City Stadium","Kansas City","United States","June 20","Saturday, 7pm CT","Pitchside Lounge",3350,USD,United States
34,"Ecuador","Curaçao","Kansas City Stadium","Kansas City","United States","June 20","Saturday, 7pm CT","VIP ",2850,USD,United States
34,"Ecuador","Curaçao","Kansas City Stadium","Kansas City","United States","June 20","Saturday, 7pm CT","Trophy Lounge",2400,USD,United States
34,"Ecuador","Curaçao","Kansas City Stadium","Kansas City","United States","June 20","Saturday, 7pm CT","Champions Club",2050,USD,United States
34,"Ecuador","Curaçao","Kansas City Stadium","Kansas City","United States","June 20","Saturday, 7pm CT","FIFA Pavilion",1475,USD,United States
30,"Scotland","Morocco","Boston Stadium","Foxborough","United States","June 19","Friday, 6pm ET","Pitchside Lounge",3350,USD,United States
30,"Scotland","Morocco","Boston Stadium","Foxborough","United States","June 19","Friday, 6pm ET","VIP ",2850,USD,United States
30,"Scotland","Morocco","Boston Stadium","Foxborough","United States","June 19","Friday, 6pm ET","Trophy Lounge",2350,USD,United States
30,"Scotland","Morocco","Boston Stadium","Foxborough","United States","June 19","Friday, 6pm ET","Champions Club",2050,USD,United States
31,"European Play-Off C","Paraguay","San Francisco Bay Area Stadium","Santa Clara","United States","June 19","Friday, 9pm PT","Pitchside Lounge",3400,USD,United States
31,"European Play-Off C","Paraguay","San Francisco Bay Area Stadium","Santa Clara","United States","June 19","Friday, 9pm PT","VIP ",2900,USD,United States
31,"European Play-Off C","Paraguay","San Francisco Bay Area Stadium","Santa Clara","United States","June 19","Friday, 9pm PT","Trophy Lounge",2375,USD,United States
31,"European Play-Off C","Paraguay","San Francisco Bay Area Stadium","Santa Clara","United States","June 19","Friday, 9pm PT","Champions Club",2100,USD,United States
9,"Côte d'Ivoire","Ecuador","Philadelphia Stadium","Philadelphia","United States","June 14","Sunday, 7pm ET","Pitchside Lounge",3300,USD,United States
9,"Côte d'Ivoire","Ecuador","Philadelphia Stadium","Philadelphia","United States","June 14","Sunday, 7pm ET","VIP ",2800,USD,United States
9,"Côte d'Ivoire","Ecuador","Philadelphia Stadium","Philadelphia","United States","June 14","Sunday, 7pm ET","Trophy Lounge",2375,USD,United States
9,"Côte d'Ivoire","Ecuador","Philadelphia Stadium","Philadelphia","United States","June 14","Sunday, 7pm ET","Champions Club",2000,USD,United States
10,"Germany","Curaçao","Houston Stadium","Houston","United States","June 14","Sunday, 12pm CT","Pitchside Lounge",3300,USD,United States
10,"Germany","Curaçao","Houston Stadium","Houston","United States","June 14","Sunday, 12pm CT","VIP ",2800,USD,United States
10,"Germany","Curaçao","Houston Stadium","Houston","United States","June 14","Sunday, 12pm CT","Trophy Lounge",2480,USD,United States
35,"Netherlands","European Play-Off B","Houston Stadium","Houston","United States","June 20","Saturday, 12pm CT","Pitchside Lounge",3300,USD,United States
35,"Netherlands","European Play-Off B","Houston Stadium","Houston","United States","June 20","Saturday, 12pm CT","VIP ",2800,USD,United States
35,"Netherlands","European Play-Off B","Houston Stadium","Houston","United States","June 20","Saturday, 12pm CT","Trophy Lounge",2480,USD,United States
8,"Qatar","Switzerland","San Francisco Bay Area Stadium","Santa Clara","United States","June 13","Saturday, 12pm PT","Pitchside Lounge",3400,USD,United States
8,"Qatar","Switzerland","San Francisco Bay Area Stadium","Santa Clara","United States","June 13","Saturday, 12pm PT","VIP ",2900,USD,United States
8,"Qatar","Switzerland","San Francisco Bay Area Stadium","Santa Clara","United States","June 13","Saturday, 12pm PT","Trophy Lounge",2375,USD,United States
8,"Qatar","Switzerland","San Francisco Bay Area Stadium","Santa Clara","United States","June 13","Saturday, 12pm PT","Champions Club",2100,USD,United States
14,"Spain","Cabo Verde","Atlanta Stadium","Atlanta","United States","June 15","Monday, 12pm ET","Pitchside Lounge",3350,USD,United States
14,"Spain","Cabo Verde","Atlanta Stadium","Atlanta","United States","June 15","Monday, 12pm ET","VIP ",2850,USD,United States
14,"Spain","Cabo Verde","Atlanta Stadium","Atlanta","United States","June 15","Monday, 12pm ET","Trophy Lounge",2500,USD,United States
14,"Spain","Cabo Verde","Atlanta Stadium","Atlanta","United States","June 15","Monday, 12pm ET","Champions Club",2050,USD,United States
15,"IR Iran","New Zealand","Los Angeles Stadium","Inglewood","United States","June 15","Monday, 6pm PT","Pitchside Lounge",3350,USD,United States
15,"IR Iran","New Zealand","Los Angeles Stadium","Inglewood","United States","June 15","Monday, 6pm PT","VIP ",2950,USD,United States
15,"IR Iran","New Zealand","Los Angeles Stadium","Inglewood","United States","June 15","Monday, 6pm PT","Trophy Lounge",2500,USD,United States
15,"IR Iran","New Zealand","Los Angeles Stadium","Inglewood","United States","June 15","Monday, 6pm PT","Champions Club",2150,USD,United States
15,"IR Iran","New Zealand","Los Angeles Stadium","Inglewood","United States","June 15","Monday, 6pm PT","FIFA Pavilion",1400,USD,United States
11,"Netherlands","Japan","Dallas Stadium","Arlington","United States","June 14","Sunday, 3pm CT","Pitchside Lounge",3500,USD,United States
11,"Netherlands","Japan","Dallas Stadium","Arlington","United States","June 14","Sunday, 3pm CT","VIP ",3000,USD,United States
11,"Netherlands","Japan","Dallas Stadium","Arlington","United States","June 14","Sunday, 3pm CT","Trophy Lounge",2475,USD,United States
13,"Saudi Arabia","Uruguay","Miami Stadium","Miami Gardens","United States","June 15","Monday, 6pm ET","Pitchside Lounge",3520,USD,United States
13,"Saudi Arabia","Uruguay","Miami Stadium","Miami Gardens","United States","June 15","Monday, 6pm ET","VIP ",2800,USD,United States
13,"Saudi Arabia","Uruguay","Miami Stadium","Miami Gardens","United States","June 15","Monday, 6pm ET","Trophy Lounge",2350,USD,United States
13,"Saudi Arabia","Uruguay","Miami Stadium","Miami Gardens","United States","June 15","Monday, 6pm ET","Champions Club",2000,USD,United States
13,"Saudi Arabia","Uruguay","Miami Stadium","Miami Gardens","United States","June 15","Monday, 6pm ET","FIFA Pavilion",1750,USD,United States
19,"Argentina","Algeria","Kansas City Stadium","Kansas City","United States","June 16","Tuesday, 8pm CT","Pitchside Lounge",3150,USD,United States
19,"Argentina","Algeria","Kansas City Stadium","Kansas City","United States","June 16","Tuesday, 8pm CT","VIP ",2740,USD,United States
19,"Argentina","Algeria","Kansas City Stadium","Kansas City","United States","June 16","Tuesday, 8pm CT","Trophy Lounge",2540,USD,United States
19,"Argentina","Algeria","Kansas City Stadium","Kansas City","United States","June 16","Tuesday, 8pm CT","Champions Club",2310,USD,United States
19,"Argentina","Algeria","Kansas City Stadium","Kansas City","United States","June 16","Tuesday, 8pm CT","FIFA Pavilion",2000,USD,United States
16,"Belgium","Egypt","Seattle Stadium","Seattle","United States","June 15","Monday, 12pm PT","Pitchside Lounge",4750,USD,United States
16,"Belgium","Egypt","Seattle Stadium","Seattle","United States","June 15","Monday, 12pm PT","VIP ",4250,USD,United States
16,"Belgium","Egypt","Seattle Stadium","Seattle","United States","June 15","Monday, 12pm PT","Trophy Lounge",2690,USD,United States
16,"Belgium","Egypt","Seattle Stadium","Seattle","United States","June 15","Monday, 12pm PT","Champions Club",2250,USD,United States
16,"Belgium","Egypt","Seattle Stadium","Seattle","United States","June 15","Monday, 12pm PT","FIFA Pavilion",1575,USD,United States
17,"France","Senegal","New York New Jersey Stadium","East Rutherford","United States","June 16","Tuesday, 3pm ET","Pitchside Lounge",4200,USD,United States
17,"France","Senegal","New York New Jersey Stadium","East Rutherford","United States","June 16","Tuesday, 3pm ET","VIP ",3400,USD,United States
17,"France","Senegal","New York New Jersey Stadium","East Rutherford","United States","June 16","Tuesday, 3pm ET","Trophy Lounge",3200,USD,United States
17,"France","Senegal","New York New Jersey Stadium","East Rutherford","United States","June 16","Tuesday, 3pm ET","Champions Club",2900,USD,United States
17,"France","Senegal","New York New Jersey Stadium","East Rutherford","United States","June 16","Tuesday, 3pm ET","FIFA Pavilion",2300,USD,United States
5,"Haiti","Scotland","Boston Stadium","Foxborough","United States","June 13","Saturday, 9pm ET","Pitchside Lounge",3900,USD,United States
5,"Haiti","Scotland","Boston Stadium","Foxborough","United States","June 13","Saturday, 9pm ET","VIP ",3000,USD,United States
5,"Haiti","Scotland","Boston Stadium","Foxborough","United States","June 13","Saturday, 9pm ET","Trophy Lounge",2400,USD,United States
5,"Haiti","Scotland","Boston Stadium","Foxborough","United States","June 13","Saturday, 9pm ET","Champions Club",2200,USD,United States
38,"Spain","Saudi Arabia","Atlanta Stadium","Atlanta","United States","June 21","Sunday, 12pm ET","Pitchside Lounge",3500,USD,United States
38,"Spain","Saudi Arabia","Atlanta Stadium","Atlanta","United States","June 21","Sunday, 12pm ET","VIP ",2950,USD,United States
38,"Spain","Saudi Arabia","Atlanta Stadium","Atlanta","United States","June 21","Sunday, 12pm ET","Trophy Lounge",2640,USD,United States
38,"Spain","Saudi Arabia","Atlanta Stadium","Atlanta","United States","June 21","Sunday, 12pm ET","Champions Club",2150,USD,United States
39,"Belgium","IR Iran","Los Angeles Stadium","Inglewood","United States","June 21","Sunday, 12pm PT","Pitchside Lounge",3600,USD,United States
39,"Belgium","IR Iran","Los Angeles Stadium","Inglewood","United States","June 21","Sunday, 12pm PT","VIP ",3100,USD,United States
39,"Belgium","IR Iran","Los Angeles Stadium","Inglewood","United States","June 21","Sunday, 12pm PT","Trophy Lounge",2625,USD,United States
39,"Belgium","IR Iran","Los Angeles Stadium","Inglewood","United States","June 21","Sunday, 12pm PT","Champions Club",2300,USD,United States
39,"Belgium","IR Iran","Los Angeles Stadium","Inglewood","United States","June 21","Sunday, 12pm PT","FIFA Pavilion",1475,USD,United States
7,"Brazil","Morocco","New York New Jersey Stadium","East Rutherford","United States","June 13","Saturday, 6pm ET","Pitchside Lounge",6300,USD,United States
7,"Brazil","Morocco","New York New Jersey Stadium","East Rutherford","United States","June 13","Saturday, 6pm ET","VIP ",4500,USD,United States
7,"Brazil","Morocco","New York New Jersey Stadium","East Rutherford","United States","June 13","Saturday, 6pm ET","Trophy Lounge",3700,USD,United States
7,"Brazil","Morocco","New York New Jersey Stadium","East Rutherford","United States","June 13","Saturday, 6pm ET","Champions Club",3400,USD,United States
7,"Brazil","Morocco","New York New Jersey Stadium","East Rutherford","United States","June 13","Saturday, 6pm ET","FIFA Pavilion",2900,USD,United States
37,"Uruguay","Cabo Verde","Miami Stadium","Miami Gardens","United States","June 21","Sunday, 6pm ET","Pitchside Lounge",3940,USD,United States
37,"Uruguay","Cabo Verde","Miami Stadium","Miami Gardens","United States","June 21","Sunday, 6pm ET","VIP ",3000,USD,United States
37,"Uruguay","Cabo Verde","Miami Stadium","Miami Gardens","United States","June 21","Sunday, 6pm ET","Trophy Lounge",2475,USD,United States
37,"Uruguay","Cabo Verde","Miami Stadium","Miami Gardens","United States","June 21","Sunday, 6pm ET","Champions Club",2100,USD,United States
37,"Uruguay","Cabo Verde","Miami Stadium","Miami Gardens","United States","June 21","Sunday, 6pm ET","FIFA Pavilion",1825,USD,United States
43,"Argentina","Austria","Dallas Stadium","Arlington","United States","June 22","Monday, 12pm CT","Pitchside Lounge",3450,USD,United States
43,"Argentina","Austria","Dallas Stadium","Arlington","United States","June 22","Monday, 12pm CT","VIP ",3000,USD,United States
43,"Argentina","Austria","Dallas Stadium","Arlington","United States","June 22","Monday, 12pm CT","Trophy Lounge",2500,USD,United States
44,"Jordan","Algeria","San Francisco Bay Area Stadium","Santa Clara","United States","June 22","Monday, 8pm PT","Pitchside Lounge",3200,USD,United States
44,"Jordan","Algeria","San Francisco Bay Area Stadium","Santa Clara","United States","June 22","Monday, 8pm PT","VIP ",2800,USD,United States
44,"Jordan","Algeria","San Francisco Bay Area Stadium","Santa Clara","United States","June 22","Monday, 8pm PT","Trophy Lounge",2250,USD,United States
44,"Jordan","Algeria","San Francisco Bay Area Stadium","Santa Clara","United States","June 22","Monday, 8pm PT","Champions Club",2000,USD,United States
41,"Norway","Senegal","New York New Jersey Stadium","East Rutherford","United States","June 22","Monday, 8pm ET","Pitchside Lounge",3500,USD,United States
41,"Norway","Senegal","New York New Jersey Stadium","East Rutherford","United States","June 22","Monday, 8pm ET","VIP ",3200,USD,United States
41,"Norway","Senegal","New York New Jersey Stadium","East Rutherford","United States","June 22","Monday, 8pm ET","Trophy Lounge",3000,USD,United States
41,"Norway","Senegal","New York New Jersey Stadium","East Rutherford","United States","June 22","Monday, 8pm ET","Champions Club",2800,USD,United States
41,"Norway","Senegal","New York New Jersey Stadium","East Rutherford","United States","June 22","Monday, 8pm ET","FIFA Pavilion",1800,USD,United States
42,"France","FIFA Play-Off 2","Philadelphia Stadium","Philadelphia","United States","June 22","Monday, 5pm ET","Pitchside Lounge",3200,USD,United States
42,"France","FIFA Play-Off 2","Philadelphia Stadium","Philadelphia","United States","June 22","Monday, 5pm ET","VIP ",2700,USD,United States
42,"France","FIFA Play-Off 2","Philadelphia Stadium","Philadelphia","United States","June 22","Monday, 5pm ET","Trophy Lounge",2320,USD,United States
42,"France","FIFA Play-Off 2","Philadelphia Stadium","Philadelphia","United States","June 22","Monday, 5pm ET","Champions Club",2050,USD,United States
49,"Scotland","Brazil","Miami Stadium","Miami Gardens","United States","June 24","Wednesday, 6pm ET","Pitchside Lounge",6100,USD,United States
49,"Scotland","Brazil","Miami Stadium","Miami Gardens","United States","June 24","Wednesday, 6pm ET","VIP ",3700,USD,United States
49,"Scotland","Brazil","Miami Stadium","Miami Gardens","United States","June 24","Wednesday, 6pm ET","Trophy Lounge",3400,USD,United States
49,"Scotland","Brazil","Miami Stadium","Miami Gardens","United States","June 24","Wednesday, 6pm ET","Champions Club",3000,USD,United States
49,"Scotland","Brazil","Miami Stadium","Miami Gardens","United States","June 24","Wednesday, 6pm ET","FIFA Pavilion",2600,USD,United States
50,"Morocco","Haiti","Atlanta Stadium","Atlanta","United States","June 24","Wednesday, 6pm ET","Pitchside Lounge",3350,USD,United States
50,"Morocco","Haiti","Atlanta Stadium","Atlanta","United States","June 24","Wednesday, 6pm ET","VIP ",2850,USD,United States
50,"Morocco","Haiti","Atlanta Stadium","Atlanta","United States","June 24","Wednesday, 6pm ET","Trophy Lounge",2275,USD,United States
50,"Morocco","Haiti","Atlanta Stadium","Atlanta","United States","June 24","Wednesday, 6pm ET","Champions Club",2050,USD,United States
45,"England","Ghana","Boston Stadium","Foxborough","United States","June 23","Tuesday, 4pm ET","Pitchside Lounge",3200,USD,United States
45,"England","Ghana","Boston Stadium","Foxborough","United States","June 23","Tuesday, 4pm ET","VIP ",2700,USD,United States
45,"England","Ghana","Boston Stadium","Foxborough","United States","June 23","Tuesday, 4pm ET","Trophy Lounge",2490,USD,United States
45,"England","Ghana","Boston Stadium","Foxborough","United States","June 23","Tuesday, 4pm ET","Champions Club",2310,USD,United States
47,"Portugal","Uzbekistan","Houston Stadium","Houston","United States","June 23","Tuesday, 12pm CT","Pitchside Lounge",3200,USD,United States
47,"Portugal","Uzbekistan","Houston Stadium","Houston","United States","June 23","Tuesday, 12pm CT","VIP ",2710,USD,United States
47,"Portugal","Uzbekistan","Houston Stadium","Houston","United States","June 23","Tuesday, 12pm CT","Trophy Lounge",2510,USD,United States
56,"Ecuador","Germany","New York New Jersey Stadium","East Rutherford","United States","June 25","Thursday, 4pm ET","Pitchside Lounge",4100,USD,United States
56,"Ecuador","Germany","New York New Jersey Stadium","East Rutherford","United States","June 25","Thursday, 4pm ET","VIP ",3400,USD,United States
56,"Ecuador","Germany","New York New Jersey Stadium","East Rutherford","United States","June 25","Thursday, 4pm ET","Trophy Lounge",3200,USD,United States
56,"Ecuador","Germany","New York New Jersey Stadium","East Rutherford","United States","June 25","Thursday, 4pm ET","Champions Club",3000,USD,United States
56,"Ecuador","Germany","New York New Jersey Stadium","East Rutherford","United States","June 25","Thursday, 4pm ET","FIFA Pavilion",2100,USD,United States
57,"Japan","European Play-Off B","Dallas Stadium","Arlington","United States","June 25","Thursday, 6pm CT","Pitchside Lounge",3450,USD,United States
57,"Japan","European Play-Off B","Dallas Stadium","Arlington","United States","June 25","Thursday, 6pm CT","VIP ",3000,USD,United States
57,"Japan","European Play-Off B","Dallas Stadium","Arlington","United States","June 25","Thursday, 6pm CT","Trophy Lounge",2350,USD,United States
52,"European Play-Off A","Qatar","Seattle Stadium","Seattle","United States","June 24","Wednesday, 12pm PT","Pitchside Lounge",4550,USD,United States
52,"European Play-Off A","Qatar","Seattle Stadium","Seattle","United States","June 24","Wednesday, 12pm PT","VIP ",3850,USD,United States
52,"European Play-Off A","Qatar","Seattle Stadium","Seattle","United States","June 24","Wednesday, 12pm PT","Trophy Lounge",2875,USD,United States
52,"European Play-Off A","Qatar","Seattle Stadium","Seattle","United States","June 24","Wednesday, 12pm PT","Champions Club",2000,USD,United States
52,"European Play-Off A","Qatar","Seattle Stadium","Seattle","United States","June 24","Wednesday, 12pm PT","FIFA Pavilion",1575,USD,United States
55,"Curaçao","Côte d'Ivoire","Philadelphia Stadium","Philadelphia","United States","June 25","Thursday, 4pm ET","Pitchside Lounge",3200,USD,United States
55,"Curaçao","Côte d'Ivoire","Philadelphia Stadium","Philadelphia","United States","June 25","Thursday, 4pm ET","VIP ",2700,USD,United States
55,"Curaçao","Côte d'Ivoire","Philadelphia Stadium","Philadelphia","United States","June 25","Thursday, 4pm ET","Trophy Lounge",2250,USD,United States
55,"Curaçao","Côte d'Ivoire","Philadelphia Stadium","Philadelphia","United States","June 25","Thursday, 4pm ET","Champions Club",1950,USD,United States
60,"Paraguay","Australia","San Francisco Bay Area Stadium","Santa Clara","United States","June 25","Thursday, 7pm PT","Pitchside Lounge",3200,USD,United States
60,"Paraguay","Australia","San Francisco Bay Area Stadium","Santa Clara","United States","June 25","Thursday, 7pm PT","VIP ",2800,USD,United States
60,"Paraguay","Australia","San Francisco Bay Area Stadium","Santa Clara","United States","June 25","Thursday, 7pm PT","Trophy Lounge",2250,USD,United States
60,"Paraguay","Australia","San Francisco Bay Area Stadium","Santa Clara","United States","June 25","Thursday, 7pm PT","Champions Club",2000,USD,United States
61,"Norway","France","Boston Stadium","Foxborough","United States","June 26","Friday, 3pm ET","Pitchside Lounge",3900,USD,United States
61,"Norway","France","Boston Stadium","Foxborough","United States","June 26","Friday, 3pm ET","VIP ",3300,USD,United States
61,"Norway","France","Boston Stadium","Foxborough","United States","June 26","Friday, 3pm ET","Trophy Lounge",2700,USD,United States
61,"Norway","France","Boston Stadium","Foxborough","United States","June 26","Friday, 3pm ET","Champions Club",2500,USD,United States
58,"Tunisia","Netherlands","Kansas City Stadium","Kansas City","United States","June 25","Thursday, 6pm CT","Pitchside Lounge",3150,USD,United States
58,"Tunisia","Netherlands","Kansas City Stadium","Kansas City","United States","June 25","Thursday, 6pm CT","VIP ",2700,USD,United States
58,"Tunisia","Netherlands","Kansas City Stadium","Kansas City","United States","June 25","Thursday, 6pm CT","Trophy Lounge",2310,USD,United States
58,"Tunisia","Netherlands","Kansas City Stadium","Kansas City","United States","June 25","Thursday, 6pm CT","Champions Club",2100,USD,United States
58,"Tunisia","Netherlands","Kansas City Stadium","Kansas City","United States","June 25","Thursday, 6pm CT","FIFA Pavilion",1400,USD,United States
67,"Panama","England","New York New Jersey Stadium","East Rutherford","United States","June 27","Saturday, 5pm ET","Pitchside Lounge",4200,USD,United States
67,"Panama","England","New York New Jersey Stadium","East Rutherford","United States","June 27","Saturday, 5pm ET","VIP ",3500,USD,United States
67,"Panama","England","New York New Jersey Stadium","East Rutherford","United States","June 27","Saturday, 5pm ET","Trophy Lounge",3300,USD,United States
67,"Panama","England","New York New Jersey Stadium","East Rutherford","United States","June 27","Saturday, 5pm ET","Champions Club",3000,USD,United States
67,"Panama","England","New York New Jersey Stadium","East Rutherford","United States","June 27","Saturday, 5pm ET","FIFA Pavilion",2400,USD,United States
68,"Croatia","Ghana","Philadelphia Stadium","Philadelphia","United States","June 27","Saturday, 5pm ET","Pitchside Lounge",3300,USD,United States
68,"Croatia","Ghana","Philadelphia Stadium","Philadelphia","United States","June 27","Saturday, 5pm ET","VIP ",2800,USD,United States
68,"Croatia","Ghana","Philadelphia Stadium","Philadelphia","United States","June 27","Saturday, 5pm ET","Trophy Lounge",2375,USD,United States
68,"Croatia","Ghana","Philadelphia Stadium","Philadelphia","United States","June 27","Saturday, 5pm ET","Champions Club",2000,USD,United States
63,"Egypt","IR Iran","Seattle Stadium","Seattle","United States","June 26","Friday, 8pm PT","Pitchside Lounge",4300,USD,United States
63,"Egypt","IR Iran","Seattle Stadium","Seattle","United States","June 26","Friday, 8pm PT","VIP ",3600,USD,United States
63,"Egypt","IR Iran","Seattle Stadium","Seattle","United States","June 26","Friday, 8pm PT","Trophy Lounge",2500,USD,United States
63,"Egypt","IR Iran","Seattle Stadium","Seattle","United States","June 26","Friday, 8pm PT","Champions Club",2100,USD,United States
63,"Egypt","IR Iran","Seattle Stadium","Seattle","United States","June 26","Friday, 8pm PT","FIFA Pavilion",1525,USD,United States
65,"Cabo Verde","Saudi Arabia","Houston Stadium","Houston","United States","June 26","Friday, 7pm CT","Pitchside Lounge",3300,USD,United States
65,"Cabo Verde","Saudi Arabia","Houston Stadium","Houston","United States","June 26","Friday, 7pm CT","VIP ",2800,USD,United States
65,"Cabo Verde","Saudi Arabia","Houston Stadium","Houston","United States","June 26","Friday, 7pm CT","Trophy Lounge",2430,USD,United States
70,"Jordan","Argentina","Dallas Stadium","Arlington","United States","June 27","Saturday, 9pm CT","Pitchside Lounge",3795,USD,United States
70,"Jordan","Argentina","Dallas Stadium","Arlington","United States","June 27","Saturday, 9pm CT","VIP ",3595,USD,United States
70,"Jordan","Argentina","Dallas Stadium","Arlington","United States","June 27","Saturday, 9pm CT","Trophy Lounge",2490,USD,United States
71,"Colombia","Portugal","Miami Stadium","Miami Gardens","United States","June 27","Saturday, 7pm ET","Pitchside Lounge",7200,USD,United States
71,"Colombia","Portugal","Miami Stadium","Miami Gardens","United States","June 27","Saturday, 7pm ET","VIP ",4420,USD,United States
71,"Colombia","Portugal","Miami Stadium","Miami Gardens","United States","June 27","Saturday, 7pm ET","Trophy Lounge",3800,USD,United States
71,"Colombia","Portugal","Miami Stadium","Miami Gardens","United States","June 27","Saturday, 7pm ET","Champions Club",3220,USD,United States
71,"Colombia","Portugal","Miami Stadium","Miami Gardens","United States","June 27","Saturday, 7pm ET","FIFA Pavilion",2800,USD,United States
69,"Algeria","Austria","Kansas City Stadium","Kansas City","United States","June 27","Saturday, 9pm CT","Pitchside Lounge",3350,USD,United States
69,"Algeria","Austria","Kansas City Stadium","Kansas City","United States","June 27","Saturday, 9pm CT","VIP ",2850,USD,United States
69,"Algeria","Austria","Kansas City Stadium","Kansas City","United States","June 27","Saturday, 9pm CT","Trophy Lounge",2400,USD,United States
69,"Algeria","Austria","Kansas City Stadium","Kansas City","United States","June 27","Saturday, 9pm CT","Champions Club",2050,USD,United States
69,"Algeria","Austria","Kansas City Stadium","Kansas City","United States","June 27","Saturday, 9pm CT","FIFA Pavilion",1475,USD,United States
72,"FIFA Play-Off 1","Uzbekistan","Atlanta Stadium","Atlanta","United States","June 27","Saturday, 7pm ET","Pitchside Lounge",3500,USD,United States
72,"FIFA Play-Off 1","Uzbekistan","Atlanta Stadium","Atlanta","United States","June 27","Saturday, 7pm ET","VIP ",2950,USD,United States
72,"FIFA Play-Off 1","Uzbekistan","Atlanta Stadium","Atlanta","United States","June 27","Saturday, 7pm ET","Trophy Lounge",2400,USD,United States
72,"FIFA Play-Off 1","Uzbekistan","Atlanta Stadium","Atlanta","United States","June 27","Saturday, 7pm ET","Champions Club",2150,USD,United States
40,"New Zealand","Egypt","BC Place Vancouver","Vancouver","Canada","June 21","Sunday, 6pm PT","Pitchside Lounge",6350,CAD,Canada
40,"New Zealand","Egypt","BC Place Vancouver","Vancouver","Canada","June 21","Sunday, 6pm PT","VIP ",4850,CAD,Canada
40,"New Zealand","Egypt","BC Place Vancouver","Vancouver","Canada","June 21","Sunday, 6pm PT","Lounge 1930 ",4850,CAD,Canada
40,"New Zealand","Egypt","BC Place Vancouver","Vancouver","Canada","June 21","Sunday, 6pm PT","Trophy Lounge",4325,CAD,Canada
40,"New Zealand","Egypt","BC Place Vancouver","Vancouver","Canada","June 21","Sunday, 6pm PT","Champions Club",3575,CAD,Canada
40,"New Zealand","Egypt","BC Place Vancouver","Vancouver","Canada","June 21","Sunday, 6pm PT","FIFA Pavilion",2575,CAD,Canada
46,"Panama","Croatia","Toronto Stadium","Toronto","Canada","June 23","Tuesday, 7pm ET","Pitchside Lounge",5350,CAD,Canada
46,"Panama","Croatia","Toronto Stadium","Toronto","Canada","June 23","Tuesday, 7pm ET","VIP ",4550,CAD,Canada
46,"Panama","Croatia","Toronto Stadium","Toronto","Canada","June 23","Tuesday, 7pm ET","Lounge 1930 ",4550,CAD,Canada
46,"Panama","Croatia","Toronto Stadium","Toronto","Canada","June 23","Tuesday, 7pm ET","Trophy Lounge",3850,CAD,Canada
46,"Panama","Croatia","Toronto Stadium","Toronto","Canada","June 23","Tuesday, 7pm ET","Champions Club",3450,CAD,Canada
46,"Panama","Croatia","Toronto Stadium","Toronto","Canada","June 23","Tuesday, 7pm ET","FIFA Pavilion",2600,CAD,Canada
21,"Ghana","Panama","Toronto Stadium","Toronto","Canada","June 17","Wednesday, 7pm ET","Pitchside Lounge",5350,CAD,Canada
21,"Ghana","Panama","Toronto Stadium","Toronto","Canada","June 17","Wednesday, 7pm ET","VIP ",4550,CAD,Canada
21,"Ghana","Panama","Toronto Stadium","Toronto","Canada","June 17","Wednesday, 7pm ET","Lounge 1930 ",4550,CAD,Canada
21,"Ghana","Panama","Toronto Stadium","Toronto","Canada","June 17","Wednesday, 7pm ET","Trophy Lounge",3750,CAD,Canada
21,"Ghana","Panama","Toronto Stadium","Toronto","Canada","June 17","Wednesday, 7pm ET","Champions Club",3300,CAD,Canada
21,"Ghana","Panama","Toronto Stadium","Toronto","Canada","June 17","Wednesday, 7pm ET","FIFA Pavilion",2500,CAD,Canada
33,"Germany","Côte d'Ivoire","Toronto Stadium","Toronto","Canada","June 20","Saturday, 4pm ET","Pitchside Lounge",5500,CAD,Canada
33,"Germany","Côte d'Ivoire","Toronto Stadium","Toronto","Canada","June 20","Saturday, 4pm ET","VIP ",4750,CAD,Canada
33,"Germany","Côte d'Ivoire","Toronto Stadium","Toronto","Canada","June 20","Saturday, 4pm ET","Lounge 1930 ",4750,CAD,Canada
33,"Germany","Côte d'Ivoire","Toronto Stadium","Toronto","Canada","June 20","Saturday, 4pm ET","Trophy Lounge",3800,CAD,Canada
33,"Germany","Côte d'Ivoire","Toronto Stadium","Toronto","Canada","June 20","Saturday, 4pm ET","Champions Club",3300,CAD,Canada
33,"Germany","Côte d'Ivoire","Toronto Stadium","Toronto","Canada","June 20","Saturday, 4pm ET","FIFA Pavilion",2500,CAD,Canada
64,"New Zealand","Belgium","BC Place Vancouver","Vancouver","Canada","June 26","Friday, 8pm PT","Pitchside Lounge",6800,CAD,Canada
64,"New Zealand","Belgium","BC Place Vancouver","Vancouver","Canada","June 26","Friday, 8pm PT","VIP ",4850,CAD,Canada
64,"New Zealand","Belgium","BC Place Vancouver","Vancouver","Canada","June 26","Friday, 8pm PT","Lounge 1930 ",4850,CAD,Canada
64,"New Zealand","Belgium","BC Place Vancouver","Vancouver","Canada","June 26","Friday, 8pm PT","Trophy Lounge",4325,CAD,Canada
64,"New Zealand","Belgium","BC Place Vancouver","Vancouver","Canada","June 26","Friday, 8pm PT","Champions Club",3575,CAD,Canada
64,"New Zealand","Belgium","BC Place Vancouver","Vancouver","Canada","June 26","Friday, 8pm PT","FIFA Pavilion",2575,CAD,Canada
62,"Senegal","FIFA Play-Off 2","Toronto Stadium","Toronto","Canada","June 26","Friday, 3pm ET","Pitchside Lounge",5600,CAD,Canada
62,"Senegal","FIFA Play-Off 2","Toronto Stadium","Toronto","Canada","June 26","Friday, 3pm ET","VIP ",4800,CAD,Canada
62,"Senegal","FIFA Play-Off 2","Toronto Stadium","Toronto","Canada","June 26","Friday, 3pm ET","Lounge 1930 ",4800,CAD,Canada
62,"Senegal","FIFA Play-Off 2","Toronto Stadium","Toronto","Canada","June 26","Friday, 3pm ET","Trophy Lounge",3950,CAD,Canada
62,"Senegal","FIFA Play-Off 2","Toronto Stadium","Toronto","Canada","June 26","Friday, 3pm ET","Champions Club",3450,CAD,Canada
62,"Senegal","FIFA Play-Off 2","Toronto Stadium","Toronto","Canada","June 26","Friday, 3pm ET","FIFA Pavilion",2600,CAD,Canada
6,"Australia","European Play-Off C","BC Place Vancouver","Vancouver","Canada","June 13","Saturday, 9pm PT","Pitchside Lounge",6350,CAD,Canada
6,"Australia","European Play-Off C","BC Place Vancouver","Vancouver","Canada","June 13","Saturday, 9pm PT","VIP ",4850,CAD,Canada
6,"Australia","European Play-Off C","BC Place Vancouver","Vancouver","Canada","June 13","Saturday, 9pm PT","Lounge 1930 ",4850,CAD,Canada
6,"Australia","European Play-Off C","BC Place Vancouver","Vancouver","Canada","June 13","Saturday, 9pm PT","Trophy Lounge",4250,CAD,Canada
6,"Australia","European Play-Off C","BC Place Vancouver","Vancouver","Canada","June 13","Saturday, 9pm PT","Champions Club",3575,CAD,Canada
6,"Australia","European Play-Off C","BC Place Vancouver","Vancouver","Canada","June 13","Saturday, 9pm PT","FIFA Pavilion",2950,CAD,Canada
2,"Korea Republic","European Play-Off D","Guadalajara Stadium","Zapopan","Mexico","June 11","Thursday, 8pm CT","Pitchside Lounge",103000,MXN,Mexico
2,"Korea Republic","European Play-Off D","Guadalajara Stadium","Zapopan","Mexico","June 11","Thursday, 8pm CT","VIP ",78650,MXN,Mexico
2,"Korea Republic","European Play-Off D","Guadalajara Stadium","Zapopan","Mexico","June 11","Thursday, 8pm CT","Trophy Lounge",67000,MXN,Mexico
2,"Korea Republic","European Play-Off D","Guadalajara Stadium","Zapopan","Mexico","June 11","Thursday, 8pm CT","Champions Club",51300,MXN,Mexico
2,"Korea Republic","European Play-Off D","Guadalajara Stadium","Zapopan","Mexico","June 11","Thursday, 8pm CT","FIFA Pavilion",34200,MXN,Mexico
36,"Tunisia","Japan","Monterrey Stadium","Guadalupe","Mexico","June 20","Saturday, 10pm CT","Pitchside Lounge",91000,MXN,Mexico
36,"Tunisia","Japan","Monterrey Stadium","Guadalupe","Mexico","June 20","Saturday, 10pm CT","VIP ",81450,MXN,Mexico
36,"Tunisia","Japan","Monterrey Stadium","Guadalupe","Mexico","June 20","Saturday, 10pm CT","Trophy Lounge",69400,MXN,Mexico
36,"Tunisia","Japan","Monterrey Stadium","Guadalupe","Mexico","June 20","Saturday, 10pm CT","Champions Club",62350,MXN,Mexico
36,"Tunisia","Japan","Monterrey Stadium","Guadalupe","Mexico","June 20","Saturday, 10pm CT","FIFA Pavilion",39700,MXN,Mexico
12,"European Play-Off B","Tunisia","Monterrey Stadium","Guadalupe","Mexico","June 14","Sunday, 8pm CT","Pitchside Lounge",87500,MXN,Mexico
12,"European Play-Off B","Tunisia","Monterrey Stadium","Guadalupe","Mexico","June 14","Sunday, 8pm CT","VIP ",82950,MXN,Mexico
12,"European Play-Off B","Tunisia","Monterrey Stadium","Guadalupe","Mexico","June 14","Sunday, 8pm CT","Trophy Lounge",62880,MXN,Mexico
12,"European Play-Off B","Tunisia","Monterrey Stadium","Guadalupe","Mexico","June 14","Sunday, 8pm CT","Champions Club",61350,MXN,Mexico
12,"European Play-Off B","Tunisia","Monterrey Stadium","Guadalupe","Mexico","June 14","Sunday, 8pm CT","FIFA Pavilion",35700,MXN,Mexico
24,"Uzbekistan","Colombia","Mexico City Stadium","Ciudad de México","Mexico","June 17","Wednesday, 9pm CT","Pitchside Lounge",110000,MXN,Mexico
24,"Uzbekistan","Colombia","Mexico City Stadium","Ciudad de México","Mexico","June 17","Wednesday, 9pm CT","VIP ",85000,MXN,Mexico
24,"Uzbekistan","Colombia","Mexico City Stadium","Ciudad de México","Mexico","June 17","Wednesday, 9pm CT","Trophy Lounge",75000,MXN,Mexico
24,"Uzbekistan","Colombia","Mexico City Stadium","Ciudad de México","Mexico","June 17","Wednesday, 9pm CT","Champions Club",67500,MXN,Mexico
24,"Uzbekistan","Colombia","Mexico City Stadium","Ciudad de México","Mexico","June 17","Wednesday, 9pm CT","FIFA Pavilion",58370,MXN,Mexico
54,"South Africa","Korea Republic","Monterrey Stadium","Guadalupe","Mexico","June 24","Wednesday, 7pm CT","Pitchside Lounge",87705,MXN,Mexico
54,"South Africa","Korea Republic","Monterrey Stadium","Guadalupe","Mexico","June 24","Wednesday, 7pm CT","VIP ",73450,MXN,Mexico
54,"South Africa","Korea Republic","Monterrey Stadium","Guadalupe","Mexico","June 24","Wednesday, 7pm CT","Trophy Lounge",61350,MXN,Mexico
54,"South Africa","Korea Republic","Monterrey Stadium","Guadalupe","Mexico","June 24","Wednesday, 7pm CT","Champions Club",55350,MXN,Mexico
54,"South Africa","Korea Republic","Monterrey Stadium","Guadalupe","Mexico","June 24","Wednesday, 7pm CT","FIFA Pavilion",34700,MXN,Mexico
66,"Uruguay","Spain","Guadalajara Stadium","Zapopan","Mexico","June 26","Friday, 6pm CT","Pitchside Lounge",139000,MXN,Mexico
66,"Uruguay","Spain","Guadalajara Stadium","Zapopan","Mexico","June 26","Friday, 6pm CT","VIP ",127000,MXN,Mexico
66,"Uruguay","Spain","Guadalajara Stadium","Zapopan","Mexico","June 26","Friday, 6pm CT","Trophy Lounge",115000,MXN,Mexico
66,"Uruguay","Spain","Guadalajara Stadium","Zapopan","Mexico","June 26","Friday, 6pm CT","Champions Club",70840,MXN,Mexico
66,"Uruguay","Spain","Guadalajara Stadium","Zapopan","Mexico","June 26","Friday, 6pm CT","FIFA Pavilion",54060,MXN,Mexico
48,"Colombia","FIFA Play-Off 1","Guadalajara Stadium","Zapopan","Mexico","June 23","Tuesday, 8pm CT","Pitchside Lounge",96000,MXN,Mexico
48,"Colombia","FIFA Play-Off 1","Guadalajara Stadium","Zapopan","Mexico","June 23","Tuesday, 8pm CT","VIP ",70840,MXN,Mexico
48,"Colombia","FIFA Play-Off 1","Guadalajara Stadium","Zapopan","Mexico","June 23","Tuesday, 8pm CT","Trophy Lounge",61990,MXN,Mexico
48,"Colombia","FIFA Play-Off 1","Guadalajara Stadium","Zapopan","Mexico","June 23","Tuesday, 8pm CT","Champions Club",56430,MXN,Mexico
48,"Colombia","FIFA Play-Off 1","Guadalajara Stadium","Zapopan","Mexico","June 23","Tuesday, 8pm CT","FIFA Pavilion",36770,MXN,Mexico